Signal,Novel?,100Signals,PHENO,SNV,CHR:POS,EA,NEA,EAF,FreqSE,MinFreq,MaxFreq,BETA,SE,P,Direction,HetISq,HetChiSq,HetDf,HetPVal,NCASES,NCONTROLS,N,OR,OR_U95,OR_L95,R2 with lead variant,EA_summstats,NEA_summstats,EAF_summstats,OR_AllOA,Pvalue_AllOA,OR_KneeHipOA,Pvalue_KneeHipOA,OR_HipOA,Pvalue_HipOA,OR_KneeOA,Pvalue_KneeOA,OR_TJR,Pvalue_TJR,OR_THR,Pvalue_THR,OR_TKR,Pvalue_TKR,OR_HandOA,Pvalue_HandOA,OR_FingerOA,Pvalue_FingerOA,OR_ThumbOA,Pvalue_ThumbOA,OR_SpineOA,Pvalue_SpineOA,OR_EarlyAllOA,Pvalue_EarlyAllOA
1,No,Lead,HipOA,rs11164653,1:103464210,T,C,0.4131,0.0164,0.392,0.4538,-0.0799,0.0092,2.769E-18,-------+--++,0,5.642,11,0.8962,36523,317638,354161,0.923208663,0.940006648,0.906710858,0,T,C,0.4131,0.981375618,0.00005134,0.979414828,0.0008125,0.923208663,2.769E-18,1.006420524,0.3758,0.960501246,0.00000327,0.918144953,1.787E-14,1.018366629,0.1395,0.961173832,0.00127,0.953038478,0.006933,0.94317824,0.0005344,0.980885053,0.06071,0.972971975,0.173
1,No,Risk,THR,rs2622873,1:103466053,T,C,0.8799,0.0108,0.8716,0.9095,0.1425,0.0169,3.735E-17,++++++++-+++++,0,8.545,13,0.8064,23022,296064,319086,1.153153081,1.191989061,1.115582409,0.2066,T,C,0.878,1.046865017,4.238E-11,1.057280452,2.301E-09,1.111266105,4.242E-14,1.029733468,0.005857,1.101640024,1.406E-13,1.153153081,3.735E-17,1.042581657,0.02434,1.070151257,0.0003714,1.086650468,0.003637,1.104839417,0.0002042,1.00020002,0.9921,1.070365308,0.02936
1,No,Risk,TJR,rs2622873,1:103466053,T,C,0.8793,0.0117,0.8708,0.9104,0.0968,0.0131,1.406E-13,++-++++++-+-+++,25.7,18.854,14,0.1706,40678,327728,368406,1.101640024,1.13029146,1.073714865,,,,,,,,,,,,,,,,,,,,,,,,,,,,
1,No,Risk,AllOA,rs2622873,1:103466053,T,C,0.878,0.0119,0.8703,0.9396,0.0458,0.0069,4.238E-11,+++++++-+++--+++++--,14.2,22.143,19,0.2772,179305,651438,830743,1.046865017,1.061118724,1.032802776,,,,,,,,,,,,,,,,,,,,,,,,,,,,
1,No,Risk,KneeHipOA,rs2622873,1:103466053,T,C,0.8789,0.012,0.8704,0.9391,0.0557,0.0093,2.301E-09,+++++++++-+--+,32.3,19.198,13,0.1171,90969,402863,493832,1.057280452,1.076728918,1.038183275,,,,,,,,,,,,,,,,,,,,,,,,,,,,
2,Yes,Risk,THR,rs6703152,1:118730197,A,C,0.6737,0.0143,0.611,0.6959,-0.0742,0.0116,1.58E-10,----+-+-+--+--,0,7.159,13,0.8938,23022,296064,319086,0.928485978,0.949837447,0.907614471,0.851,A,C,0.666,0.993918567,0.2057,0.979904658,0.001603,0.942235534,4.508E-10,1.000100005,0.9907,0.964447385,0.00005945,0.928485978,1.58E-10,0.990644042,0.4647,1.001501126,0.9084,0.985308982,0.4351,0.996107595,0.8221,1.031176105,0.003927,0.984619507,0.4627
2,Yes,Lead,HipOA,rs4411121,1:118757034,T,C,0.3137,0.0171,0.2877,0.383,0.0648,0.0097,2.161E-11,+++++++--+++,0,7.989,11,0.7143,36523,317638,354161,1.066945614,1.087424059,1.04685282,0,T,C,0.3137,1.00692386,0.1591,1.022243784,0.0007536,1.066945614,2.161E-11,1.000700245,0.9247,1.038835111,0.00003203,1.07669913,3.379E-10,1.010555318,0.423,0.997203916,0.8309,1.012780987,0.5114,1.003706853,0.8368,0.970348494,0.005384,1.031072992,0.1529
3,No,Lead,AllOA,1:150214028,1:150214028,D,I,0.3795,0.0296,0.3654,0.5305,0.0361,0.0059,8.577E-10,?????+??++??????????,0,0.281,2,0.8687,98458,548028,646486,1.036759517,1.04881797,1.024839702,0,D,I,0.3795,1.036759517,8.577E-10,1.035826853,0.00007337,1.052743907,0.0001339,1.017552262,0.1112,1.036759517,0.0009413,1.050115334,0.0006607,1.012983564,0.3966,1.056540615,0.002975,1.058126615,0.009306,1.053481085,0.01345,1.01887594,0.2017,0.92173271,0.03495
4,No,Lead,TJR,rs10797923,1:183901966,T,C,0.6919,0.0181,0.6704,0.773,0.0534,0.0092,6.2E-09,+-++++++--++-++,12.3,15.959,14,0.3159,40678,327728,368406,1.054851501,1.074044757,1.03600123,0,T,C,0.6919,1.019691367,0.0000801,1.028807125,0.00001834,1.043207394,0.00001574,1.028498529,0.0002686,1.054851501,6.2E-09,1.064920342,9.727E-08,1.046341715,0.00055,1.007628953,0.5636,1.029321657,0.1252,0.992825858,0.6842,1.028395684,0.01124,1.006319887,0.7742
5,Yes,Risk,TJR,rs12047271,1:184013491,T,C,0.6502,0.0131,0.6277,0.705,0.0619,0.0089,3.955E-12,++-++++++--++++,38.2,22.645,14,0.0663,40678,327728,368406,1.063855954,1.082576318,1.04545931,0.9642,T,C,0.6488,1.018366629,0.0001207,1.033550539,2.185E-07,1.072293701,1.43E-13,1.020303365,0.006492,1.063855954,3.955E-12,1.097791023,3.383E-16,1.03603404,0.005323,1.011971087,0.3464,1.007729721,0.6744,1.006420524,0.7118,1.000100005,0.989,0.980590831,0.3403
5,Yes,Lead,THR,rs1327123,1:184014593,C,G,0.3525,0.0128,0.296,0.3752,-0.0936,0.0114,2.438E-16,--------+-----,0.3,13.034,13,0.4452,23022,296064,319086,0.910646948,0.931223086,0.890525457,0,C,G,0.3525,0.981571912,0.00008258,0.966764838,0.000000106,0.931648203,5.623E-14,0.980296698,0.007151,0.940446986,5.439E-12,0.910646948,2.438E-16,0.9683129,0.01097,0.987084135,0.2998,0.99312375,0.7043,0.997303642,0.8747,0.99880072,0.9119,1.018672185,0.3702
5,Yes,Risk,HipOA,rs1046934,1:184023529,A,C,0.6493,0.0118,0.625,0.705,0.0712,0.0094,3.807E-14,+++++++++++-,36.8,17.417,11,0.09614,36523,317638,354161,1.073795964,1.093762581,1.054193836,0.982,A,C,0.6485,1.019487449,0.00004392,1.035826853,2.934E-08,1.073795964,3.807E-14,1.021834969,0.003332,1.063430497,4.389E-12,1.098010603,2.273E-16,1.033653899,0.008752,1.013490182,0.2884,1.006521171,0.7218,1.004008011,0.8162,1.002503128,0.813,0.979904658,0.3236
6,No,Risk,KneeHipOA,rs2605098,1:219643649,A,G,0.3323,0.0252,0.1942,0.3685,0.0499,0.0064,7.25E-15,+++++++++--++-,9.4,14.342,13,0.3502,90969,402863,493832,1.051165975,1.064434604,1.038062744,0.8597,A,G,0.3365,1.025110078,2.336E-07,1.051165975,7.25E-15,1.067265746,6.825E-12,1.043520403,1.275E-08,1.070900625,1.601E-14,1.074118151,4.82E-10,1.064920342,7.023E-07,1.031176105,0.01681,1.018774057,0.3143,1.061305761,0.0006575,1.017857573,0.09804,1.037485503,0.07872
6,No,Risk,HipOA,rs2605098,1:219643649,A,G,0.3368,0.0224,0.278,0.3683,0.0651,0.0095,6.825E-12,++++++---+++,9.1,12.097,11,0.3564,36523,317638,354161,1.067265746,1.087324028,1.047577486,,,,,,,,,,,,,,,,,,,,,,,,,,,,
6,No,Lead,TJR,rs2605100,1:219644224,A,G,0.3197,0.0186,0.226,0.3449,0.0712,0.0091,4.49E-15,++-++?-++--+-++,21.3,16.513,13,0.2225,40485,324988,365473,1.073795964,1.09311965,1.054813873,0,A,G,0.3197,1.025827906,1.666E-07,1.051481372,1.485E-14,1.066092399,3.276E-11,1.044459994,1.138E-08,1.073795964,4.49E-15,1.073795964,1.1E-09,1.071543358,8.554E-08,1.026340948,0.04654,1.014504179,0.4419,1.05992696,0.001036,1.019079736,0.08393,1.028395684,0.1895
6,No,Risk,KneeOA,rs2791549,1:219658003,A,C,0.2962,0.0252,0.1698,0.3332,0.0457,0.0077,3.063E-09,+++++++++-++--,0,8.769,13,0.7902,63502,335819,399321,1.046760336,1.06267756,1.031081527,0.9305,A,C,0.3038,1.025930494,1.965E-07,1.051902048,1.789E-14,1.064920342,1.221E-10,1.046760336,3.063E-09,1.070365308,1.101E-13,1.069723282,9.458E-09,1.069188554,2.979E-07,1.03138236,0.01932,1.013997054,0.4643,1.063430497,0.000601,1.022039356,0.04742,1.033240521,0.1289
6,No,Risk,THR,rs2820444,1:219741820,A,G,0.3091,0.0187,0.248,0.334,0.0797,0.0118,1.595E-11,++-+?-+++-+-++,0,6.023,12,0.9149,22829,293324,316153,1.08296213,1.108300294,1.058203252,0.4158,A,G,0.3021,1.028395684,1.333E-08,1.051060863,4.438E-14,1.064068746,2.071E-10,1.042581657,6.021E-08,1.073473873,1.345E-14,1.08296213,1.595E-11,1.067052314,0.000000732,1.050220351,0.000198,1.028807125,0.1304,1.070151257,0.0001435,1.005917439,0.5909,1.021834969,0.3129
7,Yes,Lead,ThumbOA,rs11588850,1:227927242,A,G,0.8199,0.0083,0.8138,0.8489,-0.1341,0.0214,3.528E-10,--------,32.4,10.356,7,0.1693,10559,236671,247230,0.87450261,0.91196217,0.838581731,0,A,G,0.8199,0.996007989,0.5108,0.99920032,0.9224,1.003907615,0.7422,0.997403377,0.783,0.99880072,0.9176,1.011869895,0.4122,0.987775336,0.4419,0.953801214,0.003215,1.012983564,0.575,0.87450261,3.528E-10,0.99960008,0.9734,1.008435379,0.7425
8,Yes,Lead,FingerOA,rs11588154,1:55301936,T,G,0.1656,0.0048,0.1644,0.1849,-0.1835,0.0297,6.08E-10,?-????-?,35.3,1.547,1,0.2136,7324,216883,224207,0.832351876,0.882241837,0.785283146,0,T,G,0.1656,1.00531407,0.4754,1.003405787,0.7566,0.991337735,0.6118,1.006521171,0.6341,0.987380305,0.3572,0.988763605,0.5352,0.98511194,0.4367,0.890475223,0.000002783,0.832351876,6.08E-10,0.906195693,0.0004385,0.98511194,0.4152,1.063005209,0.1978
9,Yes,Lead,THR,rs3740129,10:73767859,A,G,0.4589,0.0253,0.3816,0.4982,0.0742,0.011,1.699E-11,+++++-+--+++++,0,8.126,13,0.8353,23022,296064,319086,1.077022188,1.100494478,1.054050536,0,A,G,0.4589,1.002302647,0.6185,1.011566379,0.06143,1.0562237,1.835E-09,0.987479048,0.07775,1.031176105,0.0003394,1.077022188,1.699E-11,0.985308982,0.2241,1.003606488,0.7746,1.002302647,0.898,1.009949167,0.5533,1.005917439,0.5606,1.036655846,0.07576
9,Yes,Risk,HipOA,rs3740129,10:73767859,A,G,0.4505,0.0303,0.3817,0.4982,0.0547,0.0091,1.835E-09,++-++++--+++,40.6,18.509,11,0.07049,36523,317638,354161,1.0562237,1.075231161,1.037552244,,,,,,,,,,,,,,,,,,,,,,,,,,,,
10,Yes,Lead,TJR,rs10824456,10:78615458,C,G,0.5769,0.0275,0.5402,0.715,-0.0492,0.0086,1.159E-08,-----?-++---+--,0,10.967,13,0.6136,40485,324988,365473,0.951990713,0.968173173,0.936078732,0,C,G,0.5769,0.984619507,0.0007902,0.968119257,1.632E-07,0.968700303,0.0004843,0.971610767,0.0000657,0.951990713,1.159E-08,0.959349335,0.0001851,0.93772364,1.626E-07,0.979610731,0.09509,0.9561887,0.0111,0.975700114,0.1412,1.005917439,0.5667,0.978827355,0.2817
11,Yes,Lead,HandOA,rs3993110,11:12794530,A,C,0.6075,0.018,0.5787,0.6301,0.0823,0.0124,3.752E-11,+++++++++-+,0,5.588,10,0.8486,21208,285124,306332,1.085781495,1.112493123,1.05971123,0,A,C,0.6075,1.009141531,0.04933,1.005816853,0.3492,0.963579773,0.00004762,1.031279227,0.00001668,0.985013433,0.07993,0.936505392,2.946E-09,1.046655665,0.0002092,1.085781495,3.752E-11,1.077884151,0.00003642,1.094830985,1.325E-07,1.009040622,0.3746,0.98412732,0.4272
11,Yes,Risk,THR,rs11022512,11:12835952,A,G,0.4103,0.0287,0.347,0.4362,0.072,0.0111,8.125E-11,+-+++++-++-+++,26.5,17.694,13,0.1695,23022,296064,319086,1.074655344,1.098291291,1.051528058,0.7842,A,G,0.4087,0.993521079,0.157,0.998900605,0.8619,1.045818675,0.000001013,0.971707933,0.00006371,1.017857573,0.04024,1.074655344,8.125E-11,0.951609992,0.00005644,0.930623954,7.691E-09,0.940258915,0.0007469,0.920259117,0.000001489,0.996107595,0.6999,1.020609502,0.3142
12,No,Lead,KneeHipOA,rs1517572,11:28829882,A,C,0.4136,0.035,0.361,0.6876,0.0382,0.0062,6.787E-10,++++++++---+-+,0,11.581,13,0.5623,90969,402863,493832,1.038939,1.051640974,1.026390443,0,A,C,0.4136,1.021119935,0.000006092,1.038939,6.787E-10,1.043103079,0.000004623,1.03334385,0.000005191,1.054113364,1.132E-09,1.053902562,0.000002475,1.041227182,0.00108,1.013388838,0.2848,1.0296305,0.1046,1.040706698,0.01875,1.004208832,0.6849,1.043937895,0.03469
12,No,Risk,TJR,rs2959129,11:28851988,C,G,0.4261,0.024,0.3729,0.451,0.0522,0.0086,1.088E-09,+--++++-+-+++++,8.7,15.332,14,0.3559,40678,327728,368406,1.053586439,1.07149588,1.035976344,0.8899,C,G,0.4305,1.020711568,0.000007499,1.036448536,4.681E-09,1.044355554,0.000001835,1.029424594,0.0000462,1.053586439,1.088E-09,1.057069017,4.676E-07,1.037278027,0.002703,1.012983564,0.293,1.021119935,0.2419,1.039042899,0.02351,1.00621926,0.5415,1.046132468,0.02568
13,Yes,Lead,KneeHipOA,rs1631174,11:47974373,A,C,0.3402,0.0178,0.2311,0.3733,0.0388,0.0067,7.278E-09,++++++++++---+,34.9,19.978,13,0.09577,90969,402863,493832,1.03956255,1.053303861,1.026000507,0,A,C,0.3402,1.023983077,0.000001288,1.03956255,7.278E-09,1.050850672,4.302E-07,1.026443588,0.0009105,1.046760336,5.507E-07,1.066732246,3.42E-08,1.019487449,0.139,1.037693021,0.005559,1.041956296,0.02359,1.018977833,0.2767,1.010353228,0.3498,1.017552262,0.4061
14,No,Risk,TJR,rs2510078,11:65332273,T,C,0.2694,0.0167,0.173,0.2825,-0.0615,0.0096,1.59E-10,--+------+++---,0,12.214,14,0.5891,40678,327728,368406,0.940352946,0.958213807,0.922825007,0.9896,T,C,0.2682,0.983143685,0.0009243,0.976871657,0.0006832,0.939882887,1.831E-09,0.9969048,0.6995,0.940352946,1.59E-10,0.912926414,2.029E-13,0.986393418,0.3158,0.955137471,0.0008536,0.997503122,0.9006,0.935850067,0.0004614,0.974529976,0.02441,1.006018036,0.799
14,No,Lead,THR,rs67924081,11:65342981,A,G,0.7385,0.0136,0.725,0.8293,0.0921,0.0125,2.144E-13,++++++++-+-+++,0,7.951,13,0.8468,23022,296064,319086,1.096474464,1.123669366,1.069937729,0,A,G,0.7385,1.01643357,0.001661,1.02408548,0.0006722,1.066305639,7.804E-10,1.002102207,0.7975,1.063749574,2.276E-10,1.096474464,2.144E-13,1.011869895,0.3927,1.044982355,0.00163,0.996705439,0.8699,1.06983026,0.0004304,1.026648897,0.02351,0.988269347,0.6187
14,No,Risk,HipOA,rs67924081,11:65342981,A,G,0.7441,0.0256,0.725,0.8315,0.0642,0.0104,7.804E-10,++++++++++--,25.5,14.757,11,0.1939,36523,317638,354161,1.066305639,1.088263847,1.044790487,,,,,,,,,,,,,,,,,,,,,,,,,,,,
15,No,Lead,THR,rs34560402,11:66872320,T,C,0.0647,0.0039,0.043,0.0672,-0.1478,0.0234,2.644E-10,------+--++---,0,9.297,13,0.7502,23022,296064,319086,0.862603618,0.903086587,0.823935394,0,T,C,0.0647,0.962809217,0.00009037,0.932020937,1.492E-07,0.887452749,1.588E-09,0.963387076,0.01816,0.908554867,1.288E-07,0.862603618,2.644E-10,0.94610663,0.03105,0.962616674,0.1582,0.973458583,0.4674,0.964447385,0.304,0.986590716,0.5402,0.844593358,0.000079
15,No,Risk,HipOA,rs34560402,11:66872320,T,C,0.0616,0.0091,0.0397,0.0674,-0.1194,0.0198,1.588E-09,----------+-,34.3,16.755,11,0.1153,36523,317638,354161,0.887452749,0.922569366,0.853672808,,,,,,,,,,,,,,,,,,,,,,,,,,,,
16,Yes,Lead,TKR,rs72979233,11:74355523,A,G,0.7529,0.0125,0.735,0.8194,-0.0841,0.0141,2.515E-09,--+---+---,0,8.508,9,0.4839,18201,233883,252084,0.919339318,0.945100028,0.89428077,0,A,G,0.7529,0.976773975,0.00000962,0.964447385,4.135E-07,0.984914937,0.1528,0.951609992,2.54E-09,0.953515117,0.000001595,0.973653294,0.03613,0.919339318,2.515E-09,0.934447344,0.000001826,0.969281697,0.1238,0.919431256,0.00001193,1.002503128,0.8312,1.011161834,0.6456
16,Yes,Risk,KneeOA,rs72979233,11:74355523,A,G,0.7583,0.0223,0.6636,0.8187,-0.0496,0.0083,2.54E-09,-+-------++---,47.3,24.65,13,0.02565,63502,335819,399321,0.951609992,0.967217101,0.936254721,,,,,,,,,,,,,,,,,,,,,,,,,,,,
17,No,Lead,KneeHipOA,rs1149620,11:76506572,A,T,0.4407,0.0209,0.401,0.5031,-0.038,0.0064,2.865E-09,--?----+++--+-,23.9,15.768,12,0.2021,85701,392886,478587,0.962712941,0.974865047,0.950712315,0,A,T,0.4407,0.973945434,2.228E-08,0.962712941,2.865E-09,0.962712941,0.00004954,0.962809217,3.977E-07,0.965219251,0.00004707,0.973653294,0.01703,0.95284789,0.0000974,0.959253405,0.001187,0.971902294,0.1087,0.951134306,0.003041,0.986492062,0.1939,0.949044111,0.009016
18,Yes,Lead,TJR,rs10831475,11:95796907,A,G,0.8113,0.012,0.782,0.8586,0.0748,0.0109,5.887E-12,++-++++++++--++,12.6,16.016,14,0.3124,40678,327728,368406,1.077668596,1.100939171,1.054889891,0,A,G,0.8113,1.033860651,8.971E-09,1.045400431,1.103E-08,1.072293701,1.708E-09,1.038835111,0.00002391,1.077668596,5.887E-12,1.095269005,7.651E-11,1.05327041,0.0008077,1.041123064,0.008735,1.035723276,0.1126,1.046237086,0.03159,1.031485504,0.01642,1.021528464,0.4151
18,Yes,Risk,AllOA,rs10831476,11:95796910,A,C,0.8107,0.0232,0.6369,0.8587,0.0334,0.0058,7.765E-09,+++++++-+++-++++++++,21.6,24.229,19,0.1875,179305,651438,830743,1.033964042,1.045784991,1.02227671,1,A,C,0.8107,1.033964042,7.765E-09,1.045609532,9.529E-09,1.072400936,1.62E-09,1.038835111,0.00002479,1.077668596,5.887E-12,1.095597635,6.781E-11,1.052849186,0.0008703,1.041227182,0.008541,1.035619709,0.1131,1.046237086,0.03155,1.031898181,0.0149,1.021937157,0.4052
18,Yes,Risk,KneeHipOA,rs10831476,11:95796910,A,C,0.811,0.0272,0.6369,0.8595,0.0446,0.0078,9.529E-09,+++++++++-++-+,9.3,14.331,13,0.351,90969,402863,493832,1.045609532,1.061717329,1.029746114,,,,,,,,,,,,,,,,,,,,,,,,,,,,
18,Yes,Risk,THR,rs10831477,11:95797111,T,G,0.8106,0.011,0.777,0.8572,0.0915,0.014,5.882E-11,++-+++++++--++,0,12.576,13,0.481,23022,296064,319086,1.095816777,1.12630177,1.066156904,1,T,G,0.8103,1.033653899,1.026E-08,1.045191372,1.256E-08,1.07293727,1.203E-09,1.038004375,0.0000349,1.077560834,6.037E-12,1.095816777,5.882E-11,1.052638638,0.0009225,1.04133131,0.008288,1.035619709,0.1127,1.045923262,0.03271,1.031794996,0.01525,1.021324179,0.4179
18,Yes,Risk,HipOA,rs10831477,11:95797111,T,G,0.8137,0.0156,0.777,0.8605,0.0704,0.0116,1.203E-09,+++++++-+-++,0,8.172,11,0.6979,36523,317638,354161,1.07293727,1.097610542,1.048818631,,,,,,,,,,,,,,,,,,,,,,,,,,,,
19,Yes,Lead,KneeOA,rs1426371,12:108629780,A,G,0.2707,0.0408,0.2406,0.4822,-0.0515,0.0084,8.855E-10,--?--+---++---,0,9.675,12,0.6444,58885,325842,384727,0.94980365,0.965570363,0.93429439,0,A,G,0.2707,0.975700114,0.000003617,0.960021115,1.337E-08,0.971416464,0.005567,0.94980365,8.855E-10,0.959637183,0.0000267,0.96753856,0.009022,0.946674464,0.00009649,0.97902314,0.1474,0.98511194,0.4618,0.987972911,0.5313,0.9969048,0.7896,0.972874683,0.2126
20,No,Lead,KneeOA,rs753350451,12:123732769,D,I,0.2019,0.0182,0.1783,0.2441,-0.0702,0.0112,3.359E-10,?-??-?--??????,0,2.5,3,0.4753,38214,287240,325454,0.93220736,0.952897055,0.911966888,0,D,I,0.2019,0.96753856,2.098E-07,0.95284789,1.658E-07,0.986788054,0.3103,0.93220736,3.359E-10,0.959541224,0.0004208,0.995609666,0.7721,0.924871935,0.000002784,0.98412732,0.4111,0.992627313,0.7566,0.980002653,0.3658,0.957049658,0.002967,0.955424055,0.07166
21,No,Lead,TJR,rs1809889,12:124801226,T,C,0.2802,0.016,0.249,0.3126,0.0718,0.0096,5.701E-14,+++++++++++-+++,0,13.235,14,0.5081,40678,327728,368406,1.074440434,1.094848124,1.054413139,0,T,C,0.2802,1.020609502,0.00005439,1.033240521,0.000001495,1.061411897,3.583E-09,1.023675928,0.003111,1.074440434,5.701E-14,1.093517976,3.132E-13,1.051691689,0.0002324,1.025930494,0.0567,1.010151177,0.5989,1.017857573,0.3317,0.991337735,0.4359,1.045923262,0.03988
21,No,Risk,THR,rs1809889,12:124801226,T,C,0.2822,0.0166,0.245,0.3126,0.0894,0.0123,3.132E-13,++++++++++-+++,0,11.165,13,0.597,23022,296064,319086,1.093517976,1.120200354,1.067471153,,,,,,,,,,,,,,,,,,,,,,,,,,,,
21,No,Risk,HipOA,rs1809889,12:124801226,T,C,0.2806,0.0173,0.245,0.314,0.0596,0.0101,3.583E-09,++++++++-+++,38,17.729,11,0.0881,36523,317638,354161,1.061411897,1.082632566,1.040607174,,,,,,,,,,,,,,,,,,,,,,,,,,,,
22,No,Lead,FingerOA,rs7294636,12:15054016,A,G,0.3726,0.0163,0.2975,0.3969,0.147,0.018,2.992E-16,++++++++,17.9,8.524,7,0.2886,10818,255841,266659,1.158353963,1.199949355,1.118200445,0,A,G,0.3726,1.006420524,0.172,0.982259253,0.004431,0.975407448,0.0075,0.978827355,0.003498,0.96802245,0.0002177,0.974237661,0.02061,0.959445275,0.0009381,1.073151879,1.586E-08,1.158353963,2.992E-16,1.066518921,0.0001712,1.011566379,0.2719,0.986886738,0.5242
23,Yes,Risk,TKR,rs34616559,12:23947697,T,C,0.1588,0.0151,0.098,0.2002,0.1036,0.0169,9.667E-10,++-++---++,19.6,11.193,9,0.2627,18201,233883,252084,1.109156703,1.14651097,1.073019469,0.2326,T,C,0.1592,1.024290318,0.0001276,1.044564446,2.434E-07,1.039770484,0.001862,1.048855951,0.00000123,1.066518921,5.32E-08,1.043833506,0.005128,1.109156703,9.667E-10,0.981768247,0.2827,0.948949211,0.03468,1.006722495,0.7744,1.06983026,9.168E-07,1.029836447,0.2695
23,Yes,Lead,KneeHipOA,rs10842226,12:23959589,A,G,0.4199,0.0366,0.376,0.8454,0.0416,0.0067,4.681E-10,+??++++++++--+,0,6.694,11,0.8233,74605,379607,454212,1.042477404,1.056257245,1.028877334,0,A,G,0.4199,1.018977833,0.0001473,1.042477404,4.681E-10,1.047283847,0.000003483,1.04780762,3.629E-09,1.048226827,1.218E-07,1.048541342,0.00003232,1.072829982,3.057E-08,0.985308982,0.2621,0.945539136,0.002389,0.987182848,0.4558,1.062155145,1.018E-07,1.00924245,0.7047
23,Yes,Risk,KneeOA,rs10842226,12:23959589,A,G,0.4208,0.0429,0.376,0.8454,0.0467,0.0079,3.629E-09,+??+++++++-+++,0,5.504,11,0.9043,49705,316040,365745,1.04780762,1.064157829,1.031708622,,,,,,,,,,,,,,,,,,,,,,,,,,,,
24,No,Risk,TJR,rs10492367,12:28014970,T,G,0.1949,0.0109,0.151,0.2178,0.0921,0.0107,8.714E-18,++++++++-++++++,0,13.494,14,0.4881,40678,327728,368406,1.096474464,1.119712118,1.073719067,0.8591,T,G,0.1933,1.022346014,0.0001268,1.049695372,3.463E-10,1.121536926,2.746E-24,1.003506132,0.7005,1.096474464,8.714E-18,1.165674629,3.842E-29,1.001501126,0.9205,0.990247864,0.5238,0.993620436,0.7736,0.976676302,0.2576,0.998001999,0.8735,1.012983564,0.5994
24,No,Lead,THR,rs10843013,12:28025196,A,C,0.7837,0.0134,0.7536,0.834,-0.1511,0.0132,2.533E-30,-------++-----,17,15.668,13,0.2675,23022,296064,319086,0.859761718,0.882295297,0.837803641,0,A,C,0.7837,0.978533751,0.00009154,0.95341977,1.421E-10,0.895028247,2.912E-24,0.99471402,0.542,0.916035646,2.086E-17,0.859761718,2.533E-30,0.99880072,0.9333,1.012983564,0.3863,1.011971087,0.5787,1.030042435,0.1423,1.003004505,0.8101,0.98511194,0.5309
24,No,Risk,HipOA,rs10843013,12:28025196,A,C,0.7836,0.0143,0.7525,0.834,-0.1109,0.0109,2.912E-24,-------+----,46.8,20.664,11,0.03702,36523,317638,354161,0.895028247,0.914354989,0.876110015,,,,,,,,,,,,,,,,,,,,,,,,,,,,
24,No,Risk,KneeHipOA,rs10843013,12:28025196,A,C,0.7892,0.0153,0.752,0.835,-0.0477,0.0074,1.421E-10,---+------++--,51,26.531,13,0.01442,90969,402863,493832,0.95341977,0.967348683,0.939691421,,,,,,,,,,,,,,,,,,,,,,,,,,,,
25,Yes,Lead,TKR,rs7967762,12:48420214,T,C,0.156,0.0139,0.13,0.1879,0.1038,0.0166,4.411E-10,++++++++++,0,7.974,9,0.5367,18201,233883,252084,1.109378557,1.146066223,1.07386533,0,T,C,0.156,1.030763717,0.000000959,1.044877862,9.611E-08,1.029424594,0.01832,1.05865581,2.085E-09,1.056857624,0.000002047,1.039250728,0.01056,1.109378557,4.411E-10,1.071329071,0.00004187,1.08545581,0.0009628,1.079070476,0.001026,1.024700116,0.06816,0.998101804,0.9413
25,Yes,Risk,KneeOA,rs7967762,12:48420214,T,C,0.1718,0.0567,0.13,0.4855,0.057,0.0095,2.085E-09,-++++++++++-++,24.7,17.266,13,0.1874,63502,335819,399321,1.05865581,1.078552277,1.039126381,,,,,,,,,,,,,,,,,,,,,,,,,,,,
26,No,Lead,THR,rs17120227,12:59289349,T,C,0.0653,0.0114,0.041,0.1128,0.1593,0.0222,7.206E-13,++++---+++-+++,4.9,13.674,13,0.3972,23022,296064,319086,1.172689701,1.224841197,1.12275872,0,T,C,0.0653,1.018366629,0.05088,1.034584607,0.005724,1.110821687,3.68E-09,0.987676563,0.3854,1.07669913,0.00002325,1.172689701,7.206E-13,0.976383343,0.3508,1.02408548,0.3216,1.028498529,0.4173,1.058338261,0.08477,0.982357484,0.3688,1.030042435,0.4226
26,No,Risk,HipOA,rs79056043,12:59289598,A,G,0.9367,0.0178,0.8973,0.962,-0.1136,0.0189,1.989E-09,-+-----+--+-,43.9,19.61,11,0.05098,36523,317638,354161,0.89261493,0.92630041,0.860154444,0.864,A,G,0.9412,0.980885053,0.05135,0.961077719,0.002372,0.89261493,1.989E-09,1.006621828,0.6622,0.922931742,0.0000174,0.849421287,6.095E-12,1.015417644,0.5764,0.978827355,0.4041,0.978925243,0.5643,0.953705839,0.1773,1.021426316,0.3131,0.991833528,0.8325
27,No,Lead,KneeHipOA,rs7953280,12:94136009,C,G,0.5016,0.028,0.443,0.8289,0.0422,0.0061,4.835E-12,+++++++++++--+,0,10.329,13,0.6669,90969,402863,493832,1.043103079,1.055649039,1.030706222,0,C,G,0.5016,1.021222052,0.000004227,1.043103079,4.835E-12,1.038004375,0.00003619,1.033964042,0.000002696,1.051271096,4.346E-09,1.053586439,0.000001812,1.04780762,0.0001225,1.013591536,0.2679,1.007427448,0.6772,1.01075745,0.5197,1.011566379,0.2568,1.056646274,0.005283
27,No,Risk,TJR,rs7953280,12:94136009,C,G,0.5016,0.014,0.443,0.5177,0.05,0.0085,4.346E-09,++++++++--+-+++,0,11.706,14,0.6299,40678,327728,368406,1.051271096,1.068931652,1.033902323,,,,,,,,,,,,,,,,,,,,,,,,,,,,
28,Yes,Lead,KneeOA,rs58973023,13:42959133,A,T,0.4894,0.0479,0.4352,0.9235,0.0555,0.0089,4.715E-10,?+??+?++???+??,41.5,6.839,4,0.1446,39113,290636,329749,1.057069017,1.075669953,1.038789736,0,A,T,0.4894,1.018468471,0.000348,1.04226893,2.371E-08,1.035516152,0.0009813,1.057069017,4.715E-10,1.039770484,0.00003944,1.022755034,0.0691,1.07079354,3.693E-07,1.042685921,0.01061,1.025622761,0.2107,1.057491929,0.00282,1.017755793,0.1343,1.061836547,0.002341
29,Yes,Lead,TJR,rs28929474,14:94844947,T,C,0.0195,0.0035,0.007,0.0212,-0.2108,0.0326,1.064E-10,--?---++----?--,0,10.705,12,0.5543,40150,325274,365424,0.809936038,0.863375844,0.75980396,0,T,C,0.0195,0.955710726,0.008558,0.911922747,0.00007495,0.884705905,0.0003745,0.916035646,0.001177,0.809936038,1.064E-10,0.83552083,0.00001568,0.795965051,0.000001382,1.028807125,0.5812,0.911102386,0.2681,0.927187007,0.3063,0.963098103,0.325,1.035826853,0.6145
30,No,Lead,KneeOA,rs4380013,15:50759428,A,G,0.1875,0.0249,0.0259,0.232,0.0562,0.0092,8.73E-10,-++++++++-+-++,25.2,17.374,13,0.1828,63502,335819,399321,1.057809224,1.077056297,1.038906098,0,A,G,0.1875,1.031588658,0.000000122,1.048960842,1.243E-09,1.034274278,0.004298,1.057809224,8.73E-10,1.041435448,0.0001945,1.024290318,0.08736,1.073581226,0.000004772,1.067159024,0.00003904,1.016738546,0.4809,1.085672923,0.0001801,1.035619709,0.008538,1.039354659,0.1637
30,No,Risk,KneeHipOA,rs4380013,15:50759428,A,G,0.1877,0.0231,0.0259,0.234,0.0478,0.0079,1.243E-09,-+++-++++--+++,23.8,17.051,13,0.197,90969,402863,493832,1.048960842,1.065329047,1.032844126,,,,,,,,,,,,,,,,,,,,,,,,,,,,
31,No,Risk,KneeOA,rs4775006,15:58215727,A,C,0.4155,0.0424,0.3719,0.7071,0.0464,0.0076,8.548E-10,++?+++++++-+-+,12.1,13.654,12,0.3233,58885,325842,384727,1.047493324,1.063213288,1.032005786,0.3573,A,C,0.4077,1.00060018,0.9057,1.026340948,0.00005793,0.989455982,0.2626,1.047493324,8.548E-10,1.018162976,0.03857,0.977946807,0.0478,1.074440434,7.166E-09,0.923947525,1.988E-09,0.907737535,1.071E-07,0.910464837,5.11E-08,0.99551011,0.6719,0.984619507,0.4442
31,No,Risk,FingerOA,rs8031133,15:58259939,T,G,0.5453,0.025,0.5006,0.5617,0.1081,0.0177,1.069E-09,++++++++,0,2.806,7,0.9024,10818,255841,266659,1.114159156,1.153489116,1.07617021,0.481,T,G,0.517,1.000700245,0.8869,0.982750506,0.006182,1.010555318,0.2549,0.969863441,0.00003952,0.985703184,0.09183,1.025725329,0.02099,0.942612503,0.000001165,1.091333126,8.831E-12,1.114159156,1.069E-09,1.102080768,6.815E-09,0.996506118,0.7389,1.000900405,0.9645
31,No,Risk,TKR,rs4144005,15:58330094,T,C,0.4583,0.0261,0.355,0.4851,-0.0761,0.0121,3.561E-10,-----+----,0,7.285,9,0.6075,18201,233883,252084,0.92672353,0.948963981,0.905004318,0.67,T,C,0.4573,0.99940018,0.8953,0.983438672,0.006165,1.014910062,0.1011,0.965701982,8.423E-07,0.982652236,0.03927,1.021834969,0.04771,0.92672353,3.561E-10,1.088499345,2.92E-12,1.085130222,0.000003473,1.100538934,1.038E-08,1.00040008,0.968,1.008637086,0.6674
31,No,Lead,HandOA,rs11071366,15:58334244,A,T,0.6135,0.0219,0.5879,0.6482,-0.1043,0.0124,4.875E-17,-----------,2.6,10.264,10,0.4176,21208,285124,306332,0.90095497,0.923119627,0.879322501,0,A,T,0.6135,0.99920032,0.8684,1.013186181,0.03636,0.981179362,0.03962,1.032104581,0.00001507,1.014301299,0.1039,0.971610767,0.01027,1.077884151,2.023E-09,0.90095497,4.875E-17,0.90158586,7.135E-09,0.88922943,5.699E-12,1.00451014,0.6655,0.99173435,0.6855
31,No,Risk,ThumbOA,rs4238326,15:58336000,T,C,0.6066,0.0211,0.5893,0.6504,-0.1168,0.017,7.299E-12,--------,0,4.013,7,0.7782,10559,236671,247230,0.889763128,0.919908922,0.860605224,0.987,T,C,0.6238,0.99980002,0.969,1.013997054,0.02678,0.981179362,0.03977,1.033447189,0.00000716,1.014910062,0.09188,0.971902294,0.01106,1.079718112,8.599E-10,0.901856376,8.94E-17,0.902939253,1.224E-08,0.889763128,7.299E-12,1.00451014,0.6635,0.992825858,0.7227
32,Yes,Lead,THR,rs746239049,15:63067433,D,I,0.2052,0.0139,0.1885,0.2262,-0.1085,0.0159,8.192E-12,??--????????--,62.3,7.966,3,0.04672,17924,255777,273701,0.897178895,0.925578277,0.869650887,0,D,I,0.2052,0.990644042,0.1454,0.97628571,0.0104,0.91860414,3.345E-10,1.010454268,0.3522,0.954278234,0.0001066,0.897178895,8.192E-12,1.026340948,0.1261,0.967828865,0.1034,0.972485611,0.2523,0.956762586,0.05626,0.998401279,0.915,1.011262955,0.6579
32,Yes,Risk,HipOA,rs746239049,15:63067433,D,I,0.2075,0.0155,0.1881,0.2296,-0.0849,0.0135,3.345E-10,?-?---??????,71.3,10.469,3,0.01497,27336,277909,305245,0.91860414,0.943234374,0.894617064,,,,,,,,,,,,,,,,,,,,,,,,,,,,
33,No,Lead,HipOA,rs12908498,15:67366488,C,G,0.5384,0.019,0.5071,0.5723,0.0798,0.0097,1.85E-16,+?+++++-?+++,4.2,9.396,9,0.4015,29897,307100,336997,1.083070432,1.103858369,1.062673975,0,C,G,0.5384,1.030042435,4.619E-10,1.047074411,1.685E-12,1.083070432,1.85E-16,1.033860651,0.00001595,1.068226717,2.628E-14,1.089152641,1.154E-14,1.044564446,0.0004033,1.029527542,0.02468,1.029527542,0.1069,1.040186475,0.02031,1.055801295,9.998E-07,1.015417644,0.523
33,No,Risk,TJR,rs12908498,15:67366488,C,G,0.54,0.0179,0.5067,0.5723,0.066,0.0087,2.628E-14,+++?+--++-+++++,0,9.67,13,0.7206,39115,320815,359930,1.068226717,1.08659797,1.05016607,,,,,,,,,,,,,,,,,,,,,,,,,,,,
33,No,Risk,THR,rs28613758,15:67368659,T,C,0.4605,0.0212,0.4274,0.5204,-0.0845,0.0109,1.097E-14,----++--+-----,8.7,14.236,13,0.3574,23022,296064,319086,0.918971655,0.938815418,0.899547331,1,T,C,0.4654,0.971999489,1.012E-09,0.957432554,4.517E-12,0.928578831,8.263E-16,0.969766459,0.00002965,0.938474119,9.361E-14,0.918971655,1.097E-14,0.960885523,0.001026,0.968797178,0.01307,0.970930878,0.09591,0.956666914,0.008122,0.951895518,0.000001952,0.980100658,0.3107
33,No,Risk,KneeHipOA,rs12901372,15:67370506,C,G,0.5269,0.0276,0.3791,0.5733,0.0458,0.0064,6.093E-13,++?++++++++--+,24.2,15.837,12,0.1988,85701,392886,478587,1.046865017,1.060079356,1.0338154,0.9102,C,G,0.5307,1.030763717,1.018E-10,1.046865017,6.093E-13,1.078962574,2.939E-16,1.03603404,0.000001955,1.065772619,1.458E-13,1.086215895,7.219E-14,1.043416056,0.0005309,1.033550539,0.01021,1.032311022,0.0729,1.048436493,0.004835,1.04362476,0.00004502,1.019691367,0.3298
33,No,Risk,AllOA,rs12901372,15:67370506,C,G,0.5307,0.0252,0.3819,0.5733,0.0303,0.0047,1.018E-10,++?+++++++++-+--++--,38.4,29.232,18,0.04562,170700,641469,812169,1.030763717,1.040302806,1.021312096,,,,,,,,,,,,,,,,,,,,,,,,,,,,
34,Yes,Lead,KneeOA,rs12914479,15:99174828,C,G,0.6603,0.0435,0.5434,0.713,0.0438,0.0076,7.117E-09,++++++++++++-+,0,6.764,13,0.9139,63502,335819,399321,1.044773379,1.060452524,1.029326056,0,C,G,0.6603,1.019283572,0.00008631,1.035619709,7.38E-08,1.027881615,0.004309,1.044773379,7.117E-09,1.046237086,9.506E-07,1.022755034,0.05666,1.061942736,0.000005462,1.000100005,0.9914,1.009141531,0.6281,1.021937157,0.2205,1.010959621,0.3041,1.023983077,0.2463
35,Yes,Lead,KneeOA,rs6500609,16:4515334,C,G,0.1103,0.0089,0.0673,0.1245,-0.0668,0.0114,5.157E-09,--------------,0,8.756,13,0.7911,63502,335819,399321,0.935382259,0.956517293,0.914714221,0,C,G,0.1103,0.970057433,0.00003026,0.948664569,8.398E-08,0.956379957,0.002094,0.935382259,5.157E-09,0.960885523,0.003386,0.964254515,0.03881,0.961462227,0.04353,0.955424055,0.02019,0.956379957,0.1115,0.964350945,0.1718,0.964350945,0.02376,0.973458583,0.3908
36,No,Lead,KneeHipOA,rs9940278,16:53800200,T,C,0.4348,0.0233,0.2386,0.475,0.0537,0.0061,1.454E-18,++++++++++++++,0,5.247,13,0.9693,90969,402863,493832,1.055168004,1.067859076,1.042627761,0,T,C,0.4348,1.025110078,5.607E-08,1.055168004,1.454E-18,1.055801295,1.77E-09,1.059714996,3.188E-16,1.054956992,3.405E-10,1.052743907,0.000002674,1.066732246,1.033E-07,1.025930494,0.03626,1.032620762,0.06922,1.016941914,0.316,1.016230303,0.1128,1.021937157,0.2752
36,No,Risk,KneeOA,rs9940278,16:53800200,T,C,0.4355,0.0263,0.2386,0.474,0.058,0.0071,3.188E-16,++++++++++++++,0,4.752,13,0.9803,63502,335819,399321,1.059714996,1.074564802,1.045070404,,,,,,,,,,,,,,,,,,,,,,,,,,,,
36,No,Risk,HipOA,rs9940278,16:53800200,T,C,0.4363,0.0148,0.4097,0.473,0.0543,0.009,1.77E-09,+++++++++-++,0,5.134,11,0.9245,36523,317638,354161,1.055801295,1.074590519,1.037340601,,,,,,,,,,,,,,,,,,,,,,,,,,,,
36,No,Risk,TJR,rs17817964,16:53828066,T,C,0.4032,0.0132,0.3712,0.444,0.0571,0.0086,3.651E-11,+++++--++-++-++,0,7.824,14,0.8983,40678,327728,368406,1.058761681,1.076759094,1.041065085,0.8781,T,C,0.4013,1.025622761,4.431E-08,1.054007958,1.408E-17,1.054956992,4.741E-09,1.057174729,9.744E-15,1.058761681,3.651E-11,1.059714996,0.000000171,1.067159024,1.255E-07,1.027881615,0.02609,1.039874466,0.02917,1.017654022,0.3021,1.011869895,0.2505,1.024495196,0.2278
37,No,Risk,TKR,rs4783718,16:69547741,T,C,0.4042,0.0133,0.366,0.4143,0.0799,0.0124,1.122E-10,+++++-++++,0,7.743,9,0.5602,18201,233883,252084,1.083178744,1.109826341,1.057170972,0.3017,T,C,0.4063,1.017552262,0.0004395,1.025212594,0.0003441,0.982553975,0.07716,1.056540615,4.325E-11,1.015620748,0.07503,0.970445534,0.007266,1.083178744,1.122E-10,0.983340333,0.2649,0.975602549,0.1698,0.964833241,0.03597,1.026033092,0.028,1.031279227,0.1285
37,No,Lead,KneeOA,rs34195470,16:69955690,A,G,0.4453,0.0145,0.4299,0.4829,-0.0523,0.0072,3.128E-13,-----+----+---,0,11.588,13,0.5616,63502,335819,399321,0.949044111,0.962531718,0.9357455,0,A,G,0.4453,0.980296698,0.00001462,0.969960432,8.016E-07,1.002302647,0.8031,0.949044111,3.128E-13,0.970154444,0.0004637,1.0010005,0.9302,0.925241957,3.181E-10,0.99880072,0.9241,0.994614554,0.7612,1.003807229,0.8175,0.968603438,0.001643,0.96937863,0.1216
38,No,Lead,AllOA,rs216175,17:2167690,A,C,0.8278,0.0094,0.8112,0.9353,0.0423,0.006,2.737E-12,++++++++++++---+-+-+,0,16.762,19,0.606,179305,651438,830743,1.043207394,1.055547705,1.031011352,0,A,C,0.8278,1.043207394,2.737E-12,1.04780762,8.222E-09,1.039354659,0.001235,1.048960842,3.858E-07,1.050325378,0.00001499,1.023983077,0.1037,1.056751944,0.0006747,1.088064032,1.324E-07,1.092971354,0.00012,1.069937248,0.002064,1.03790058,0.005176,1.026340948,0.3141
38,No,Risk,TKR,rs216200,17:2199846,T,C,0.6261,0.0167,0.568,0.6783,-0.0822,0.0125,4.361E-11,---+---+--,0,8.242,9,0.5099,18201,233883,252084,0.921087723,0.94393266,0.898795676,0.1122,T,C,0.6341,0.976090472,2.618E-07,0.963772508,4.113E-09,0.991436874,0.3565,0.954660022,2.05E-10,0.95791139,9.366E-07,0.998700845,0.9114,0.921087723,4.361E-11,0.965219251,0.00466,0.964350945,0.0439,0.944594069,0.0008665,0.996705439,0.7535,0.992329569,0.7066
38,No,Risk,KneeOA,rs4548913,17:2209888,A,G,0.6283,0.0196,0.552,0.7536,-0.051,0.0073,3.153E-12,----------+-+-,0,9.955,13,0.6976,63502,335819,399321,0.950278671,0.96397274,0.936779137,0.1147,A,G,0.6292,0.97433509,3.305E-08,0.960885523,2.315E-10,0.989060279,0.24,0.950278671,3.153E-12,0.959925118,0.000003316,0.997004496,0.7934,0.926538203,1.016E-09,0.965895141,0.005598,0.964833241,0.04638,0.950849009,0.003227,0.993719803,0.5443,0.986985432,0.5185
38,No,Risk,KneeHipOA,rs4548913,17:2209888,A,G,0.6283,0.0189,0.552,0.7536,-0.0399,0.0063,2.315E-10,-----------++-,0,7.774,13,0.858,90969,402863,493832,0.960885523,0.972823874,0.949093678,,,,,,,,,,,,,,,,,,,,,,,,,,,,
39,Yes,Lead,TJR,rs227732,17:54769890,T,C,0.2962,0.0076,0.2867,0.3274,0.0625,0.0104,1.607E-09,???++????????++,37,4.763,3,0.19,31240,289200,320440,1.064494459,1.08641537,1.043015852,0,T,C,0.2962,1.024700116,0.00001232,1.045191372,3.965E-08,1.058020807,0.00000105,1.050535464,3.371E-07,1.064494459,1.607E-09,1.074870297,9.374E-08,1.0584441,0.0001129,1.011971087,0.5069,1.030145444,0.1758,1.008032086,0.699,1.045923262,0.0004395,1.049170655,0.02559
40,Yes,Risk,AllOA,rs1401795,17:54839652,A,G,0.5002,0.0238,0.1804,0.5386,0.0266,0.0046,6.192E-09,+++++++-+++--+---+++,7.9,20.62,19,0.3582,179305,651438,830743,1.026956938,1.036257675,1.017739677,0.9534,A,G,0.5002,1.026956938,6.192E-09,1.04091486,7.417E-11,1.05865581,4.227E-10,1.034481153,0.000002183,1.045504977,2.328E-07,1.060669169,1.028E-07,1.026443588,0.03365,1.044668907,0.0003714,1.040498578,0.02547,1.029424594,0.08413,1.025110078,0.01459,1.041123064,0.04396
40,Yes,Risk,HipOA,rs1401796,17:54839759,A,C,0.5129,0.0114,0.4847,0.547,-0.0583,0.0091,1.432E-10,------+---++,0,10.416,11,0.4934,36523,317638,354161,0.943366895,0.960343422,0.926690472,0.8909,A,C,0.5156,0.976188086,1.403E-07,0.963001798,8.115E-10,0.943366895,1.432E-10,0.970542583,0.00002983,0.957336816,3.692E-07,0.942235534,7.345E-08,0.974432528,0.03475,0.954182811,0.0001317,0.953801214,0.007692,0.971610767,0.08594,0.977653467,0.02645,0.966668167,0.08905
40,Yes,Lead,KneeHipOA,rs9908159,17:54841961,T,C,0.509,0.0266,0.283,0.5524,0.0401,0.0061,4.44E-11,+++++++++-++-+,12.2,14.799,13,0.3201,90969,402863,493832,1.04091486,1.053434502,1.02854401,0,T,C,0.509,1.025827906,1.937E-08,1.04091486,4.44E-11,1.056751944,1.018E-09,1.03468807,0.000001447,1.044459994,3.547E-07,1.060244986,1.056E-07,1.023880684,0.05253,1.048960842,0.00008146,1.040186475,0.02507,1.034274278,0.04331,1.024392752,0.01646,1.035930441,0.07638
41,No,Risk,HipOA,rs7222178,17:59652282,A,T,0.1947,0.0156,0.1592,0.231,0.0666,0.0115,7.354E-09,++-++++-+++-,56.1,25.034,11,0.009013,36523,317638,354161,1.068867846,1.093233246,1.045045488,0.9872,A,T,0.197,1.011971087,0.03875,1.024290318,0.001898,1.068867846,7.354E-09,1.001100605,0.9026,1.05590688,5.256E-07,1.098449895,1.795E-11,1.017552262,0.2602,0.999500125,0.9727,1.007931287,0.7233,1.002202422,0.9183,0.986294783,0.2803,0.95284789,0.06241
41,No,Lead,THR,rs7212908,17:59654593,A,G,0.8025,0.0122,0.769,0.8413,-0.0935,0.0139,1.948E-11,----+------+--,0,11.828,13,0.5418,23022,296064,319086,0.910738017,0.935890777,0.886261257,0,A,G,0.8025,0.988664734,0.0467,0.976383343,0.001971,0.936130864,1.016E-08,0.997602878,0.7892,0.947905941,7.539E-07,0.910738017,1.948E-11,0.983635379,0.2831,0.996107595,0.8001,0.987775336,0.5807,0.994515097,0.7939,1.013287505,0.2985,1.046132468,0.08107
42,No,Risk,TJR,rs2521348,17:67499717,T,C,0.3865,0.018,0.3673,0.457,0.0543,0.0087,4.353E-10,++++++++++---++,3.6,14.517,14,0.4119,40678,327728,368406,1.055801295,1.073958857,1.037950726,0.9835,T,C,0.3883,1.011869895,0.01108,1.035516152,1.787E-08,1.057069017,1.56E-09,1.0296305,0.00004802,1.055801295,4.353E-10,1.072293701,4.559E-10,1.050220351,0.00007691,0.995609666,0.7235,0.985308982,0.4217,0.987479048,0.4618,1.007024557,0.4957,1.020813645,0.3062
42,No,Risk,HipOA,rs2521348,17:67499717,T,C,0.3908,0.0189,0.3673,0.45,0.0555,0.0092,1.56E-09,+-++++-++++-,30.3,15.777,11,0.1496,36523,317638,354161,1.057069017,1.076302621,1.038179119,,,,,,,,,,,,,,,,,,,,,,,,,,,,
42,No,Lead,THR,rs2716212,17:67503653,A,G,0.6164,0.0137,0.551,0.6337,-0.0704,0.0112,3.56E-10,-+------+-----,0,12.554,13,0.4829,23022,296064,319086,0.932020937,0.952706495,0.911784513,0,A,G,0.6164,0.988368179,0.01186,0.965605416,1.666E-08,0.94610663,1.861E-09,0.970930878,0.00004222,0.94714792,4.541E-10,0.932020937,3.56E-10,0.951990713,0.00007513,1.004811538,0.7002,1.014199874,0.4315,1.012375956,0.4756,0.993421732,0.5178,0.981081249,0.3441
43,Yes,Lead,AllOA,rs1039257158,18:77950448,T,C,0.0006,0.0001,0.0002,0.0006,1.2877,0.2219,6.557E-09,?+???????+??????????,0,0.368,1,0.5441,43133,309878,353011,3.624440748,5.599156781,2.346169477,,T,C,0.0006,3.624440748,6.557E-09,NA,NA,NA,NA,NA,NA,NA,NA,NA,NA,NA,NA,NA,NA,NA,NA,NA,NA,NA,NA,NA,NA
44,No,Risk,KneeOA,rs2163832,19:10745764,T,C,0.321,0.0275,0.2552,0.38,0.0454,0.0076,2.73E-09,++++++++++-?-+,0,9.603,12,0.6507,62603,332423,395026,1.046446355,1.062150606,1.030974296,?,T,C,0.3233,1.031794996,1.419E-10,1.034481153,2.468E-07,1.016128685,0.09996,1.046446355,2.73E-09,1.031279227,0.0007467,1.011060722,0.3492,1.051796863,0.0001016,1.073366531,8.202E-08,1.073903349,0.0002235,1.097900808,2.841E-07,1.022755034,0.0392,1.004912025,0.8214
44,No,Lead,AllOA,rs10405617,19:10752968,A,G,0.3194,0.0264,0.2479,0.379,0.0316,0.0049,9.325E-11,+++++-+-+++++-+-++++,1.1,19.211,19,0.4434,179305,651438,830743,1.032104581,1.042064481,1.022239876,0,A,G,0.3194,1.032104581,9.325E-11,1.033240521,5.569E-07,1.01643357,0.09541,1.044251123,1.128E-08,1.030454534,0.001041,1.010454268,0.3756,1.05211245,0.00009587,1.074010744,6.766E-08,1.074547884,0.0002047,1.098340056,2.627E-07,1.022959606,0.0365,1.00924245,0.6736
45,No,Lead,TJR,rs75621460,19:41833784,A,G,0.0263,0.0017,0.0235,0.039,0.188,0.0298,2.721E-10,+++++++-+----++,0,12.288,14,0.5831,40678,327728,368406,1.206833515,1.279420098,1.138365057,0,A,G,0.0263,1.101089341,1.064E-09,1.11627807,3.611E-07,1.177272121,3.248E-07,1.097900808,0.0002285,1.206833515,2.721E-10,1.224092802,0.00000017,1.230351622,9.462E-07,1.092971354,0.03455,1.119072257,0.0502,1.132015871,0.02221,1.019079736,0.5964,1.073151879,0.2944
45,No,Risk,AllOA,rs75621460,19:41833784,A,G,0.0256,0.0032,0.0145,0.039,0.0963,0.0158,1.064E-09,++-++?++++++-?++-+--,27.3,23.399,17,0.1367,177591,647127,824718,1.101089341,1.135720704,1.067513987,,,,,,,,,,,,,,,,,,,,,,,,,,,,
46,Yes,Risk,FingerOA,rs11550348,19:46387344,A,G,0.1102,0.0191,0.0956,0.1426,-0.169,0.0291,6.195E-09,-----+--,0,6.494,7,0.4834,10818,255841,266659,0.844508903,0.894075507,0.79769022,1,A,G,0.1188,0.986196159,0.05017,1.010353228,0.2752,0.986985432,0.3511,1.019691367,0.07609,1.009545268,0.4755,1.007427448,0.666,1.027984408,0.1443,0.881703013,9.071E-11,0.844508903,6.195E-09,0.884086828,0.000006126,1.000900405,0.9534,1.004208832,0.8933
46,Yes,Lead,HandOA,rs8112559,19:46390455,C,G,0.8859,0.0147,0.8571,0.9043,0.1262,0.0194,7.317E-11,++++++-++++,19.7,12.453,10,0.2559,21208,285124,306332,1.134509047,1.178477442,1.092181092,0,C,G,0.8859,1.013388838,0.05952,0.988467021,0.2204,1.012072289,0.3932,0.97902314,0.05317,0.988368179,0.3792,0.990644042,0.5837,0.96937863,0.09887,1.134509047,7.317E-11,1.182581783,7.769E-09,1.12885066,0.000008332,0.997602878,0.8796,0.994117371,0.8493
47,No,Lead,THR,rs4252548,19:55879672,T,C,0.0241,0.0047,0.0203,0.038,0.3283,0.0365,2.492E-19,+-++-++++++?++,10,13.329,12,0.3456,22961,293511,316472,1.388605491,1.491584065,1.292736532,0,T,C,0.0241,1.069616315,0.00000595,1.07079354,0.0004509,1.252823745,2.236E-15,1.009040622,0.692,1.233061375,1.77E-13,1.388605491,2.492E-19,1.059185271,0.1643,1.13280856,0.001136,1.210822644,0.001223,1.155115108,0.008948,1.074870297,0.0214,1.003004505,0.9598
47,No,Risk,HipOA,rs4252548,19:55879672,T,C,0.0276,0.0068,0.02,0.0399,0.2254,0.0284,2.236E-15,++++++-+++--,15,12.944,11,0.297,36523,317638,354161,1.252823745,1.324537017,1.184993184,,,,,,,,,,,,,,,,,,,,,,,,,,,,
47,No,Risk,TJR,rs4252548,19:55879672,T,C,0.0246,0.0059,0.0203,0.048,0.2095,0.0284,1.77E-13,+-+++-+++++++++,38.1,22.634,14,0.06649,40678,327728,368406,1.233061375,1.303643423,1.16630079,,,,,,,,,,,,,,,,,,,,,,,,,,,,
48,Yes,Lead,KneeHipOA,rs551471509,19:9943264,T,C,0.9996,0.0002,0.9995,0.9999,-1.7382,0.3046,1.148E-08,??????--??????,0,0.015,1,0.902,38371,315644,354015,0.175836622,0.319437077,0.096790635,0,T,C,0.9996,0.412177993,0.00007536,0.175836622,1.148E-08,NA,NA,NA,NA,NA,NA,NA,NA,NA,NA,NA,NA,NA,NA,NA,NA,NA,NA,3.892299,0.4504
49,Yes,Lead,THR,rs66989638,2:106689736,A,G,0.1272,0.0118,0.1191,0.1804,0.1098,0.0166,3.311E-11,+++++++++-+-++,0,9.092,13,0.766,23022,296064,319086,1.116054837,1.15296329,1.080327891,0,A,G,0.1272,1.026033092,0.0002107,1.030145444,0.001313,1.082096107,4.787E-09,1.006722495,0.53,1.050955762,0.0001224,1.116054837,3.311E-11,0.961462227,0.03461,1.055062493,0.003738,1.150273799,1.277E-07,1.072722704,0.005271,0.993322395,0.6595,1.079178388,0.006895
49,Yes,Risk,HipOA,rs66989638,2:106689736,A,G,0.1326,0.0197,0.106,0.1812,0.0789,0.0135,4.787E-09,+++++++-+++-,0,7.399,11,0.7659,36523,317638,354161,1.082096107,1.111109998,1.053839842,,,,,,,,,,,,,,,,,,,,,,,,,,,,
50,No,Lead,AllOA,rs62182810,2:204387482,A,G,0.5441,0.0326,0.2509,0.617,0.027,0.0046,3.818E-09,++++++-++++--+-+-++-,0,11.326,19,0.9124,179305,651438,830743,1.027367803,1.036672261,1.018146855,0,A,G,0.5441,1.027367803,3.818E-09,1.021222052,0.0006624,1.002904209,0.7524,1.028807125,0.00007518,1.016027078,0.06727,1.003205125,0.7721,1.029321657,0.01959,1.02408548,0.05153,1.00140098,0.937,1.008233712,0.6261,1.025520204,0.01257,1.064813855,0.00156
51,No,Lead,KneeHipOA,rs7581446,2:33423801,T,C,0.483,0.0196,0.3874,0.522,-0.0485,0.0074,4.873E-11,?-??-?--??-???,0,1.027,4,0.9057,58729,358687,417416,0.952657339,0.966575113,0.938939968,0,T,C,0.483,0.974919866,6.814E-07,0.952657339,4.873E-11,0.955806301,0.00002074,0.945066484,1.713E-10,0.95341977,5.143E-07,0.957815604,0.0005251,0.943838696,0.00001866,0.943838696,0.0003756,0.947337368,0.006837,0.946390504,0.003054,0.988071713,0.307,0.990346893,0.6243
51,No,Risk,KneeOA,rs7581446,2:33423801,T,C,0.4837,0.0231,0.3874,0.5245,-0.0565,0.0088,1.713E-10,?-??-?--???-??,0,1.73,4,0.7852,39113,290636,329749,0.945066484,0.961508074,0.928906043,,,,,,,,,,,,,,,,,,,,,,,,,,,,
52,Yes,Risk,KneeOA,rs66906321,2:630070,T,C,0.1751,0.0109,0.1018,0.214,-0.0565,0.0094,1.706E-09,----------+--+,0,12.685,13,0.4724,63502,335819,399321,0.945066484,0.962639452,0.927814311,0.9333,T,C,0.1758,0.971707933,0.000002051,0.951705158,8.908E-10,0.958869781,0.0004448,0.945066484,1.706E-09,0.941293769,8.047E-08,0.945917427,0.0001228,0.921824888,3.831E-07,0.969281697,0.05369,0.96802245,0.1708,0.973945434,0.2347,0.958007186,0.001384,0.948285179,0.04531
52,Yes,Lead,KneeHipOA,rs74676797,2:633063,A,G,0.8184,0.0138,0.776,0.9029,0.0498,0.0081,6.385E-10,+++++-+++++-++,0,8.925,13,0.7786,90969,402863,493832,1.051060863,1.067880356,1.034506283,0,A,G,0.8184,1.028704249,0.000002495,1.051060863,6.385E-10,1.04331172,0.0003832,1.057703449,2.207E-09,1.06279263,5.775E-08,1.056434966,0.0001414,1.082096107,7.564E-07,1.030145444,0.06673,1.024187894,0.3118,1.026956938,0.2298,1.04938051,0.0003191,1.049065744,0.0701
53,No,Risk,HipOA,rs2862851,2:70712802,T,C,0.4653,0.0242,0.3963,0.534,0.0655,0.009,3.859E-13,++++++---+--,0,8.01,11,0.7124,36523,317638,354161,1.067692737,1.086693583,1.049024122,0.992,T,C,0.4684,1.036137648,5.82E-15,1.044668907,6.088E-13,1.067692737,3.859E-13,1.033033893,0.000004133,1.057703449,3.839E-11,1.073795964,6.886E-11,1.036137648,0.003284,1.079394246,3.806E-10,1.066625578,0.0002496,1.11071061,3.237E-10,1.01389566,0.171,1.064068746,0.001844
53,No,Risk,TJR,rs2862851,2:70712802,T,C,0.4715,0.0195,0.3924,0.535,0.0561,0.0085,3.839E-11,+++++++---+--++,0,10.103,14,0.7546,40678,327728,368406,1.057703449,1.075472063,1.040228402,,,,,,,,,,,,,,,,,,,,,,,,,,,,
53,No,Risk,THR,rs2862851,2:70712802,T,C,0.4709,0.0162,0.391,0.534,0.0712,0.0109,6.886E-11,+--+++---+--++,23.9,17.073,13,0.196,23022,296064,319086,1.073795964,1.096982916,1.051099115,,,,,,,,,,,,,,,,,,,,,,,,,,,,
53,No,Risk,ThumbOA,rs2862851,2:70712802,T,C,0.4637,0.0148,0.3928,0.4916,0.105,0.0167,3.237E-10,++++++++,0,5.296,7,0.6239,10559,236671,247230,1.11071061,1.147667244,1.074944037,,,,,,,,,,,,,,,,,,,,,,,,,,,,
53,No,Lead,AllOA,rs3771501,2:70717653,A,G,0.4679,0.0197,0.3776,0.535,0.0357,0.0045,4.048E-15,+++++-+++++++-++---+,0,14.306,19,0.7656,179305,651438,830743,1.036344896,1.045525718,1.027244692,0,A,G,0.4679,1.036344896,4.048E-15,1.044459994,8.804E-13,1.067052314,6.591E-13,1.03334385,0.00000355,1.056751944,8.289E-11,1.072400936,1.599E-10,1.036137648,0.003348,1.080798371,1.912E-10,1.066518921,0.0002694,1.11048849,3.641E-10,1.013794275,0.1747,1.063111515,0.002173
53,No,Risk,KneeHipOA,rs3755381,2:70718695,T,C,0.4676,0.0233,0.3791,0.535,0.0442,0.0061,4.232E-13,++++++++++-+--,0,8.873,13,0.7824,90969,402863,493832,1.045191372,1.05776245,1.032769697,0.992,T,C,0.4684,1.036137648,6.165E-15,1.045191372,4.232E-13,1.067052314,6.574E-13,1.034067444,0.000002194,1.056751944,7.986E-11,1.072508181,1.453E-10,1.035619709,0.003819,1.081771527,1.222E-10,1.066412274,0.0002722,1.109822397,4.532E-10,1.013692901,0.1776,1.063005209,0.002212
53,No,Risk,HandOA,rs3771498,2:70720070,T,C,0.5206,0.012,0.4995,0.5471,-0.0794,0.0122,6.813E-11,------+--+-,0,7.89,10,0.6396,21208,285124,306332,0.923670382,0.94602296,0.90184595,0.9198,T,C,0.5193,0.96753856,3.677E-13,0.958678026,3.432E-12,0.938755704,2.103E-12,0.96908786,0.000008527,0.94610663,6.136E-11,0.934634253,5.65E-10,0.962809217,0.001709,0.923670382,6.813E-11,0.936880069,0.0002136,0.902758683,8.591E-10,0.987084135,0.1954,0.95341977,0.01623
54,No,Risk,TJR,rs6060355,20:33890061,A,G,0.367,0.0189,0.3323,0.42,-0.0645,0.0088,2.957E-13,-------+++-+---,1.7,14.24,14,0.432,40678,327728,368406,0.937536114,0.953846696,0.92150444,0.6773,A,G,0.368,0.9683129,8.643E-12,0.944688533,1.74E-19,0.970736711,0.001471,0.935008181,3.637E-20,0.937536114,2.957E-13,0.966281577,0.002522,0.908918362,4.097E-14,0.967635318,0.008932,0.952276353,0.008251,0.962135486,0.02717,0.984717974,0.1365,0.958678026,0.03882
54,No,Risk,AllOA,rs2425061,20:33915571,A,G,0.628,0.0212,0.574,0.7463,0.0329,0.0047,2.139E-12,+++++-++++++++++---+,42.8,33.195,19,0.02282,179305,651438,830743,1.033447189,1.043011113,1.023970962,0.7655,A,G,0.628,1.033447189,2.139E-12,1.057809224,2.658E-19,1.028910011,0.002129,1.069616315,2.009E-20,1.065026839,7.6E-13,1.032930595,0.004077,1.099109163,4.989E-14,1.033240521,0.009177,1.051271096,0.006733,1.038939,0.02802,1.013997054,0.1765,1.041435448,0.04611
54,No,Lead,KneeOA,rs143384,20:34025756,A,G,0.5908,0.0242,0.542,0.7478,0.0722,0.0072,1.012E-23,++++++++++++++,9.8,14.416,13,0.3452,63502,335819,399321,1.074870297,1.090146118,1.059808529,0,A,G,0.5908,1.031176105,3.039E-11,1.059397129,1.244E-20,1.024290318,0.009079,1.074870297,1.012E-23,1.061730368,5.903E-12,1.025520204,0.02426,1.101750193,6.202E-15,1.039978459,0.001578,1.054640552,0.00345,1.038211997,0.02876,1.010858531,0.2876,1.026751567,0.1884
54,No,Risk,KneeHipOA,rs143384,20:34025756,A,G,0.5923,0.0228,0.544,0.7478,0.0577,0.0062,1.244E-20,++++++++++++++,0,5.168,13,0.9713,90969,402863,493832,1.059397129,1.072349222,1.046601474,,,,,,,,,,,,,,,,,,,,,,,,,,,,
54,No,Risk,TKR,rs143384,20:34025756,A,G,0.5984,0.0206,0.542,0.6302,0.0969,0.0124,6.202E-15,++++++++++,0,6.781,9,0.6599,18201,233883,252084,1.101750193,1.128854671,1.07529651,,,,,,,,,,,,,,,,,,,,,,,,,,,,
55,No,Lead,THR,rs9981408,21:40017446,T,G,0.2341,0.0168,0.16,0.2936,0.0908,0.0129,2.206E-12,+-++--++++-+++,0,11.319,13,0.5841,23022,296064,319086,1.095049973,1.123089686,1.067710316,0,T,G,0.2341,1.015316108,0.004668,1.024700116,0.0007161,1.059185271,5.987E-08,1.007125265,0.3949,1.063430497,1.01E-09,1.095049973,2.206E-12,1.025110078,0.08709,0.992825858,0.6149,0.991635181,0.6823,1.019385505,0.323,0.992428807,0.522,1.056118083,0.01698
55,No,Risk,TJR,rs9981408,21:40017446,T,G,0.2328,0.0199,0.166,0.2958,0.0615,0.0101,1.01E-09,++-++--++++-+++,0,10.096,14,0.7551,40678,327728,368406,1.063430497,1.084691523,1.042586207,,,,,,,,,,,,,,,,,,,,,,,,,,,,
56,Yes,Lead,TJR,rs9981884,21:40585633,A,G,0.4894,0.0193,0.4109,0.5082,-0.0489,0.0085,7.925E-09,-+------+-+-+--,43.9,24.974,14,0.03482,40678,327728,368406,0.952276353,0.968273872,0.936543139,0,A,G,0.4894,0.97628571,1.288E-07,0.966958211,3.267E-08,0.956284324,6.376E-07,0.967248342,0.000002436,0.952276353,7.925E-09,0.95284789,0.000008698,0.942989624,0.000001242,0.956666914,0.0002625,0.942141315,0.0007107,0.965315778,0.03382,0.99094128,0.3661,0.9969048,0.8758
57,Yes,Lead,KneeOA,rs11705555,22:28206912,A,C,0.7641,0.0286,0.73,0.8555,0.0512,0.0086,2.993E-09,+++++-++-++?+-,54.5,26.381,12,0.009475,62603,332423,395026,1.052533379,1.070424919,1.034940885,0,A,C,0.7641,1.021017828,0.0001365,1.035930441,0.00000179,1.011869895,0.2827,1.052533379,2.993E-09,1.035826853,0.0006984,1.010959621,0.4116,1.077991945,4.492E-07,1.041539597,0.005767,1.060032958,0.007828,1.018774057,0.3628,1.01592548,0.1955,1.015011558,0.5517
58,Yes,Lead,THR,rs12160491,22:38195796,A,G,0.7113,0.0257,0.623,0.7636,-0.0772,0.012,1.278E-10,--------+-----,0,12.549,13,0.4833,23022,296064,319086,0.925704694,0.947734924,0.90418656,0,A,G,0.7113,0.980394733,0.00006961,0.967054911,4.233E-07,0.940446986,4.368E-10,0.978729477,0.00498,0.943744317,5.642E-10,0.925704694,1.278E-10,0.963387076,0.005086,0.985703184,0.2883,0.979512774,0.3029,0.978435903,0.246,0.986492062,0.2106,0.988467021,0.5895
58,Yes,Risk,HipOA,rs12160491,22:38195796,A,G,0.7047,0.0251,0.623,0.7636,-0.0614,0.0098,4.368E-10,-------+---+,0,7.344,11,0.7706,36523,317638,354161,0.940446986,0.958685357,0.922555588,,,,,,,,,,,,,,,,,,,,,,,,,,,,
58,Yes,Risk,TJR,rs12160491,22:38195796,A,G,0.7091,0.0278,0.62,0.7636,-0.0579,0.0093,5.642E-10,---------++-+--,7,15.055,14,0.3744,40678,327728,368406,0.943744317,0.961104308,0.926697892,,,,,,,,,,,,,,,,,,,,,,,,,,,,
59,Yes,Lead,THR,rs2276749,3:11643465,T,C,0.0501,0.0066,0.0453,0.0633,-0.1504,0.0254,3.34E-09,------+--+-+--,0,9.175,13,0.7596,23022,296064,319086,0.860363762,0.904279383,0.818580869,0,T,C,0.0501,0.979414828,0.04426,0.951990713,0.0003907,0.890208121,1.974E-08,0.978044607,0.1634,0.905018404,3.723E-07,0.860363762,3.34E-09,0.981081249,0.4899,0.972680127,0.2986,0.906195693,0.009039,0.97628571,0.5067,0.978827355,0.3453,1.059079357,0.2003
60,Yes,Lead,HipOA,rs781661531,3:187051013,T,C,0.9997,0,0.9997,0.9997,-2.2535,0.347,8.358E-11,????--??????,94.5,18.022,1,0.00002184,17000,244775,261775,0.105030972,0.207340587,0.053204755,0,T,C,0.9997,0.648495639,0.01345,0.415073361,0.0002856,0.105030972,8.358E-11,0.623504061,0.1047,0.38705054,0.002189,0.168166621,0.000004304,NA,NA,NA,NA,NA,NA,NA,NA,NA,NA,4.366667,0.162
61,Yes,Lead,HipOA,rs747952496,3:188311659,A,G,0.0004,0.0001,0.0003,0.0004,1.9487,0.2964,4.907E-11,????++??????,95,19.895,1,0.00000818,17000,244775,261775,7.019556223,12.54890398,3.926571567,0,A,G,0.0004,1.818841937,0.000007905,2.555633147,1.825E-07,7.019556223,4.907E-11,2.364106147,0.0004629,3.341767972,0.00001025,3.872498864,0.00005152,NA,NA,NA,NA,NA,NA,NA,NA,NA,NA,0.5191305,0.3563
62,Yes,Lead,HipOA,rs9835230,3:189735461,A,G,0.2433,0.0079,0.2248,0.2517,0.0638,0.0105,1.339E-09,+++++++-++++,0,9.47,11,0.5786,36523,317638,354161,1.065879202,1.08804186,1.044167981,0,A,G,0.2433,1.021834969,0.00004848,1.03738176,2.446E-07,1.065879202,1.339E-09,1.026546237,0.001548,1.048122009,0.000002088,1.063324159,0.000001385,1.028087212,0.05011,1.032827307,0.02173,1.026443588,0.1984,1.063536845,0.001314,1.031898181,0.007852,1.025110078,0.2912
63,Yes,Lead,AllOA,rs62242105,3:20630395,A,G,0.3312,0.0168,0.0362,0.3535,-0.0289,0.0049,2.928E-09,--------------+-----,0,14.033,19,0.7818,179305,651438,830743,0.971513611,0.980888803,0.962228026,0,A,G,0.3312,0.971513611,2.928E-09,0.976969349,0.0003546,0.981179362,0.04671,0.970930878,0.0001037,0.972971975,0.00242,0.981866428,0.1145,0.965219251,0.006095,0.978631609,0.0929,0.945539136,0.002405,0.974822379,0.1448,0.961462227,0.0002758,0.9683129,0.1238
64,No,Risk,KneeHipOA,rs1546737,3:52407041,T,C,0.3296,0.0224,0.3098,0.391,0.0395,0.0065,1.264E-09,+++++-++--+---,32.7,19.305,13,0.114,90969,402863,493832,1.040290499,1.053628336,1.027121504,0.5587,T,C,0.3259,1.023983077,0.000001159,1.040290499,1.264E-09,1.064388015,1.006E-10,1.025007572,0.001104,1.061836547,5.465E-11,1.089261561,4.035E-13,1.050850672,0.0001554,0.9990005,0.9383,0.996506118,0.8503,1.011971087,0.4979,1.032311022,0.002975,1.014301299,0.4988
64,No,Lead,THR,rs3774354,3:52817675,A,G,0.3712,0.012,0.3612,0.417,0.0932,0.0113,1.401E-16,+-++++++++++++,6.5,13.909,13,0.3803,23022,296064,319086,1.09768125,1.122263461,1.07363749,0,A,G,0.3712,1.020813645,0.00001131,1.035826853,1.818E-08,1.070365308,2.453E-13,1.016535218,0.02387,1.068974738,2.811E-14,1.09768125,1.401E-16,1.04780762,0.0001912,0.99940018,0.9615,0.991040379,0.6189,1.010353228,0.5466,1.007528195,0.4685,0.98511194,0.4605
64,No,Risk,TJR,rs3774354,3:52817675,A,G,0.3716,0.0135,0.3611,0.437,0.0667,0.0088,2.811E-14,+--+++++++--+++,42.3,24.279,14,0.04239,40678,327728,368406,1.068974738,1.087571994,1.05069549,,,,,,,,,,,,,,,,,,,,,,,,,,,,
64,No,Risk,HipOA,rs2268023,3:52819327,A,T,0.4109,0.0166,0.3966,0.4518,0.0678,0.0092,1.556E-13,+++++++++--+,26.6,14.995,11,0.1827,36523,317638,354161,1.070151257,1.089622895,1.051027578,0.8663,A,T,0.4066,1.020609502,0.00001081,1.034895029,2.89E-08,1.070151257,1.556E-13,1.017857573,0.01399,1.064175158,7.603E-13,1.092315768,2.369E-15,1.043833506,0.0005341,1.003807229,0.7607,0.992428807,0.6708,1.013186181,0.4368,1.01592548,0.1217,0.993421732,0.7427
65,No,Risk,HipOA,rs6855246,4:103112470,A,G,0.9277,0.0189,0.876,0.9812,-0.1087,0.0188,7.94E-09,----------++,9.5,12.152,11,0.3523,36523,317638,354161,0.896999477,0.930667995,0.864548976,0.586,A,G,0.9251,0.936692711,2.438E-12,0.930530896,6.037E-09,0.896999477,7.94E-09,0.940729162,0.0000214,0.922193691,0.00000386,0.903210176,0.00000877,0.929043237,0.003219,0.960885523,0.1545,0.986985432,0.7937,0.994117371,0.8919,0.924871935,0.0001676,0.900864879,0.01633
65,No,Lead,AllOA,rs13107325,4:103188709,T,C,0.0714,0.0151,0.0158,0.13,0.0783,0.0093,3.248E-17,+-+++?-++++--?--+--+,17.7,20.65,17,0.2423,177591,647127,824718,1.081447044,1.10134005,1.061913357,0,T,C,0.0714,1.081447044,3.248E-17,1.076591466,1.829E-09,1.108602264,3.596E-08,1.067265746,0.000004948,1.085781495,0.000002286,1.111043874,0.000003696,1.057386185,0.0246,1.054535093,0.05915,1.023880684,0.6536,1.01592548,0.7232,1.056857624,0.007504,1.1040663,0.02185
65,No,Risk,KneeHipOA,rs13107325,4:103188709,T,C,0.0726,0.0162,0.0158,0.13,0.0738,0.0123,1.829E-09,+++++++++-?+-+,0.6,12.067,12,0.4403,90070,399467,489537,1.076591466,1.102860829,1.05094782,,,,,,,,,,,,,,,,,,,,,,,,,,,,
66,Yes,Lead,AllOA,rs11729628,4:121584282,T,G,0.2393,0.0091,0.0115,0.2576,-0.0313,0.0053,4.736E-09,--+--++----+-+-+----,0,17.678,19,0.5441,179305,651438,830743,0.969184774,0.979304953,0.959169178,0,T,G,0.2393,0.969184774,4.736E-09,0.96908786,0.00001149,0.975212386,0.01746,0.963098103,0.000006693,0.962905503,0.0001398,0.970736711,0.0199,0.946769136,0.0001109,0.958102992,0.002775,0.944594069,0.00566,0.93220736,0.0003406,0.961943079,0.001115,0.964254515,0.1138
67,No,Lead,THR,rs1913707,4:13039440,A,G,0.6045,0.0181,0.5713,0.679,0.0826,0.0111,1.226E-13,+++++++++-++++,0,10.791,13,0.6283,23022,296064,319086,1.086107279,1.109995099,1.06273354,0,A,G,0.6045,1.03334385,1.392E-12,1.042790195,1.461E-11,1.070044247,1.824E-13,1.02716235,0.0002055,1.066305639,1.251E-13,1.086107279,1.226E-13,1.044668907,0.0003993,1.054851501,0.00001607,1.055168004,0.002641,1.069509359,0.00007029,1.018366629,0.07604,1.052322893,0.01141
67,No,Risk,TJR,rs1913707,4:13039440,A,G,0.6062,0.0182,0.5722,0.672,0.0642,0.0087,1.251E-13,+---++++++-+-++,29.3,19.798,14,0.1366,40678,327728,368406,1.066305639,1.084643853,1.048277471,,,,,,,,,,,,,,,,,,,,,,,,,,,,
67,No,Risk,HipOA,rs1913707,4:13039440,A,G,0.6043,0.0169,0.5722,0.679,0.0677,0.0092,1.824E-13,++++++++--++,47.2,20.85,11,0.03496,36523,317638,354161,1.070044247,1.089513938,1.05092248,,,,,,,,,,,,,,,,,,,,,,,,,,,,
67,No,Risk,AllOA,rs1913707,4:13039440,A,G,0.6062,0.0148,0.5743,0.672,0.0328,0.0046,1.392E-12,++-++--+++---+++++++,39.5,31.408,19,0.0364,179305,651438,830743,1.03334385,1.042702431,1.024069265,,,,,,,,,,,,,,,,,,,,,,,,,,,,
67,No,Risk,KneeHipOA,rs1913707,4:13039440,A,G,0.6075,0.0162,0.573,0.672,0.0419,0.0062,1.461E-11,++-+++++---+-+,39.7,21.551,13,0.06272,90969,402863,493832,1.042790195,1.055539253,1.030195122,,,,,,,,,,,,,,,,,,,,,,,,,,,,
68,Yes,Lead,THR,rs75686861,4:145621328,A,G,0.0946,0.0083,0.0829,0.1268,0.1145,0.0193,3.039E-09,+-++++++++--++,6,13.824,13,0.3863,23022,296064,319086,1.121312641,1.164541334,1.079688631,0,A,G,0.0946,1.026648897,0.001005,1.039666512,0.0002947,1.086650468,1.243E-07,1.015113065,0.2309,1.084045634,0.000000081,1.121312641,3.039E-09,1.033653899,0.1261,1.017654022,0.4106,1.022448254,0.4658,0.985506063,0.6198,1.005515153,0.7518,0.970833789,0.3855
69,No,Risk,TKR,rs4865462,4:1690642,A,G,0.529,0.0156,0.4796,0.5546,0.0779,0.0122,1.721E-10,++++++-+++,0,4.182,9,0.8991,18201,233883,252084,1.081014552,1.107174817,1.0554724,0.2476,A,G,0.5274,1.026956938,5.302E-09,1.032724029,1.331E-07,1.02408548,0.008767,1.038731233,8.925E-08,1.049485454,1.67E-08,1.023675928,0.03381,1.081014552,1.721E-10,1.018468471,0.1359,1.053165088,0.003612,1.021324179,0.2103,1.039458599,0.0001267,1.031898181,0.1115
69,No,Risk,HipOA,rs798756,4:1707447,T,C,0.1936,0.0115,0.1746,0.263,-0.0683,0.0114,2.238E-09,-------+--++,28.4,15.365,11,0.1664,36523,317638,354161,0.933980237,0.955083593,0.913343178,0.8983,T,C,0.1932,0.967925652,1.42E-08,0.953229105,4.107E-10,0.933980237,2.238E-09,0.960213138,0.000004915,0.924132333,3.286E-13,0.921087723,3.91E-09,0.929414928,0.000001977,0.993719803,0.6854,0.993620436,0.7775,1.018162976,0.4012,0.968506582,0.01127,0.968216074,0.1951
69,No,Risk,AllOA,rs11731421,4:1749160,A,G,0.3457,0.0362,0.314,0.6821,0.0306,0.0048,1.875E-10,++-+++++++++++-+-+++,0,14.374,19,0.7615,179305,651438,830743,1.031072992,1.040818921,1.021418322,0.1279,A,G,0.3457,1.031072992,1.875E-10,1.039458599,1.935E-09,1.03375727,0.000508,1.043103079,1.876E-08,1.058338261,3.006E-10,1.036137648,0.002151,1.075622969,1.284E-08,1.045609532,0.0005115,1.073903349,0.0001089,1.038939,0.02881,1.033860651,0.001758,1.019895326,0.3431
69,No,Risk,KneeOA,rs7680647,4:1750487,T,C,0.6314,0.0413,0.3406,0.672,-0.0442,0.0078,1.24E-08,--?----------+,0,6.402,12,0.8945,58885,325842,384727,0.956762586,0.97150168,0.942247105,0.1281,T,C,0.6294,0.971222201,1.858E-09,0.964254515,3.555E-08,0.972874683,0.004347,0.956762586,1.24E-08,0.951134306,1.963E-08,0.976383343,0.03724,0.928393134,5.15E-09,0.953229105,0.0003228,0.938192619,0.0004735,0.968409736,0.06351,0.964447385,0.0009006,0.974140242,0.2036
69,No,Risk,THR,rs744658,4:1755074,T,C,0.7981,0.0086,0.732,0.8032,0.0818,0.0138,2.742E-09,++-++++++++-++,0,10.539,13,0.6493,23022,296064,319086,1.08523874,1.114992305,1.05627915,0.9152,T,C,0.7975,1.033137202,9.885E-09,1.050115334,1.471E-10,1.068654093,4.359E-09,1.043416056,0.000001566,1.07982609,6.22E-13,1.08523874,2.742E-09,1.069616315,0.000009066,1.014402734,0.3493,1.018162976,0.4166,0.988664734,0.5846,1.029115813,0.02215,1.029527542,0.2399
69,No,Lead,TJR,rs1530586,4:1760927,T,C,0.8001,0.0113,0.742,0.8073,0.0823,0.0108,3.343E-14,++++++++-+++-++,0,7.779,14,0.9005,40678,327728,368406,1.085781495,1.109009873,1.063039639,0,T,C,0.8001,1.033033893,1.765E-08,1.053165088,1.995E-11,1.069402413,4.619E-09,1.048226827,1.503E-07,1.085781495,3.343E-14,1.084696257,5.705E-09,1.086215895,8.52E-08,1.012072289,0.4332,1.012679714,0.5718,0.985506063,0.4899,1.037174304,0.004121,1.024700116,0.329
69,No,Risk,KneeHipOA,rs59163323,4:1763318,A,G,0.2001,0.0086,0.1805,0.254,-0.0562,0.008,2.924E-12,-?--------++-+,0,7.893,12,0.7934,79873,389584,469457,0.945350047,0.960289682,0.930642834,0.9534,A,G,0.1998,0.966668167,1.016E-08,0.945350047,2.924E-12,0.930344808,2.46E-09,0.94980365,5.029E-08,0.921271959,1.366E-13,0.922285915,1.135E-08,0.917961342,5.551E-08,0.988071713,0.4414,0.988565872,0.6111,1.013186181,0.5432,0.96753856,0.01581,0.961366086,0.1969
70,Yes,Lead,AllOA,rs201194999,4:66666895,T,C,0.3011,0.0631,0.0043,0.3145,-0.1264,0.0213,3.054E-09,?-???????-??????????,0,0.101,1,0.7509,43133,309878,353011,0.881262271,0.918831278,0.84522938,0,T,C,0.3011,0.881262271,3.054E-09,0.882849972,1.158E-07,0.873104525,0.000003427,0.896192541,0.000007161,0.861569115,0.000955,0.915944047,0.1964,0.82028782,0.003071,0.859933688,0.0182,0.869532124,0.0906,0.878622446,0.1214,0.846368868,1.239E-08,0.915394646,0.01404
70,Yes,Risk,SpineOA,rs201194999,4:66666895,T,C,0.305,0.0275,0.0043,0.3075,-0.1668,0.0293,1.239E-08,-????-?????,0,0.04,1,0.8411,7173,203448,210621,0.846368868,0.89639595,0.799133754,,,,,,,,,,,,,,,,,,,,,,,,,,,,
71,Yes,Lead,HandOA,rs1560080,5:115338732,A,G,0.8252,0.0129,0.8141,0.8796,-0.0916,0.016,9.614E-09,---------+-,0,7.999,10,0.6289,21208,285124,306332,0.912470065,0.941537995,0.884299543,0,A,G,0.8252,0.979904658,0.0008113,0.980492777,0.01501,1.001501126,0.903,0.966474852,0.0002879,0.987676563,0.2743,1.00040008,0.976,0.953610473,0.003063,0.912470065,9.614E-09,0.917594231,0.000163,0.932300585,0.001283,0.999500125,0.9693,1.052743907,0.06746
72,Yes,Risk,TJR,rs17677555,5:127852612,C,G,0.2556,0.0198,0.184,0.2718,0.0588,0.0098,1.666E-09,++-+++++++-++++,16.4,16.739,14,0.2703,40678,327728,368406,1.060563107,1.081130926,1.040386577,0.4599,C,G,0.2546,1.030351494,1.104E-08,1.046446355,9.961E-11,1.061411897,9.695E-09,1.041956296,5.038E-07,1.060563107,1.666E-09,1.072829982,2.079E-08,1.04780762,0.0007956,1.023471213,0.1005,1.018468471,0.3739,1.013591536,0.4845,1.026751567,0.02334,1.04133131,0.08064
72,Yes,Risk,AllOA,rs17677555,5:127852612,C,G,0.2546,0.0211,0.0714,0.2718,0.0299,0.0052,1.104E-08,+++++--++++---++++++,35.6,29.489,19,0.05867,179305,651438,830743,1.030351494,1.040906338,1.019903676,,,,,,,,,,,,,,,,,,,,,,,,,,,,
72,Yes,Risk,HipOA,rs17677724,5:128015370,T,C,0.1611,0.0114,0.126,0.1711,0.0723,0.0123,3.535E-09,+++++++++--+,9.1,12.107,11,0.3556,36523,317638,354161,1.074977789,1.101207778,1.04937258,0.839,T,C,0.1622,1.034170856,5.597E-08,1.055801295,5.869E-11,1.074977789,3.535E-09,1.047179124,0.000001912,1.07100772,2.803E-09,1.089915314,6.01E-09,1.048855951,0.003862,1.049485454,0.003595,1.059714996,0.01641,1.057491929,0.01373,1.023778301,0.08847,1.039354659,0.1561
72,Yes,Risk,THR,rs17677724,5:128015370,T,C,0.1636,0.0087,0.126,0.1714,0.0861,0.0148,6.01E-09,++-+++++++-+++,11.7,14.721,13,0.3251,23022,296064,319086,1.089915314,1.121994009,1.058753775,,,,,,,,,,,,,,,,,,,,,,,,,,,,
72,Yes,Lead,KneeHipOA,rs17615906,5:128018413,T,C,0.8387,0.0114,0.8278,0.914,-0.0543,0.0082,3.757E-11,---------+----,0,10.322,13,0.6674,90969,402863,493832,0.94714792,0.962493183,0.932047309,0,T,C,0.8387,0.966764838,3.658E-08,0.94714792,3.757E-11,0.935569354,4.719E-08,0.949044111,4.884E-08,0.936130864,8.883E-09,0.926260284,2.018E-07,0.947053209,0.000921,0.945917427,0.0007814,0.94317824,0.0155,0.940729162,0.007057,0.981081249,0.1629,0.964061683,0.1759
73,Yes,Lead,HandOA,rs10062749,5:141805088,T,G,0.2691,0.0116,0.2224,0.294,0.0814,0.0136,2.041E-09,++++++-++++,0,9.195,10,0.5137,21208,285124,306332,1.084804732,1.114109588,1.056270692,0,T,G,0.2691,1.027265071,1.456E-07,1.031588658,0.000005546,1.002703648,0.7881,1.045191372,2.786E-08,1.018468471,0.05679,1.000900405,0.9412,1.044042294,0.001556,1.084804732,2.041E-09,1.089152641,0.00001417,1.111821877,1.289E-08,1.013287505,0.2493,1.00732671,0.7478
73,Yes,Risk,ThumbOA,rs10062749,5:141805088,T,G,0.267,0.0125,0.2227,0.289,0.106,0.0186,1.289E-08,++++++++,0,5.974,7,0.5428,10559,236671,247230,1.111821877,1.153101571,1.072019947,,,,,,,,,,,,,,,,,,,,,,,,,,,,
73,Yes,Risk,KneeOA,rs10038860,5:141809938,A,G,0.274,0.0208,0.0987,0.302,0.046,0.0079,5.618E-09,+++++++++-++++,10.1,14.456,13,0.3426,63502,335819,399321,1.047074411,1.063413179,1.030986679,0.9551,A,G,0.2737,1.027573297,9.306E-08,1.033964042,9.243E-07,1.002803924,0.7843,1.047074411,5.618E-09,1.021630622,0.02411,1.00310481,0.803,1.049485454,0.0003592,1.077668596,3.013E-08,1.081555194,0.00005932,1.10616602,5.09E-08,1.012477199,0.2752,1.003606488,0.8726
74,No,Risk,HipOA,rs4073717,5:170864021,T,G,0.2013,0.0061,0.1905,0.2133,-0.0672,0.0113,2.535E-09,-------+----,2.8,11.313,11,0.4174,36523,317638,354161,0.935008181,0.955947382,0.914527635,0.2188,T,G,0.2005,0.981081249,0.0007209,0.960213138,9.28E-08,0.935008181,2.535E-09,0.972388367,0.001503,0.942047105,2.182E-08,0.930623954,1.577E-07,0.945066484,0.0001985,0.973361242,0.07561,0.979414828,0.3491,0.976773975,0.27,0.978240235,0.07727,0.961846889,0.1116
74,No,Lead,KneeHipOA,rs3884606,5:170871074,A,G,0.5229,0.0212,0.5048,0.5849,-0.0374,0.0061,8.956E-10,--------++-+--,25.1,17.348,13,0.1839,90969,402863,493832,0.963290742,0.974876756,0.951842423,0,A,G,0.5229,0.977555706,6.245E-07,0.963290742,8.956E-10,0.950944098,2.966E-08,0.972388367,0.00007756,0.956093086,1.662E-07,0.948000736,0.000001278,0.969766459,0.01086,0.969863441,0.01186,0.954564561,0.008241,0.962327933,0.02119,0.977360215,0.02266,0.950278671,0.0101
75,Yes,Lead,KneeOA,rs2066928,5:30843787,A,G,0.4825,0.0394,0.437,0.9224,-0.0412,0.0072,1.199E-08,---------+++--,0,11.167,13,0.5968,63502,335819,399321,0.959637183,0.973275337,0.946190136,0,A,G,0.4825,0.980002653,0.00001261,0.970154444,0.000001002,0.980394733,0.03037,0.959637183,1.199E-08,0.9683129,0.0001865,0.980100658,0.06899,0.94980365,0.0000265,0.975895274,0.04757,0.960981616,0.02431,0.962135486,0.02141,0.974237661,0.01144,0.966668167,0.08928
76,Yes,Risk,HipOA,rs10940168,5:67823586,A,G,0.3942,0.0142,0.3731,0.417,-0.0534,0.0092,7.737E-09,----------+-,47.7,21.035,11,0.03301,36523,317638,354161,0.948000736,0.965249819,0.931059896,1,A,G,0.3973,0.999100405,0.8427,0.992428807,0.2235,0.948000736,7.737E-09,1.01389566,0.05735,0.976383343,0.006107,0.936599047,5.163E-09,1.030557585,0.01519,1.01389566,0.2554,1.003706853,0.737,1.031485504,0.07082,0.969184774,0.002434,0.984619507,0.4425
76,Yes,Lead,THR,rs56132153,5:67825133,A,C,0.6056,0.0134,0.583,0.6262,0.0661,0.0112,3.799E-09,+++++++++--+++,50.7,26.387,13,0.01508,23022,296064,319086,1.068333545,1.092044467,1.045137445,0,A,C,0.6056,1.000900405,0.8415,1.007528195,0.2318,1.054746021,8.023E-09,0.985900344,0.0504,1.023778301,0.007068,1.068333545,3.799E-09,0.969572525,0.01245,0.986886738,0.2889,0.992428807,0.6755,0.970736711,0.08528,1.031176105,0.002896,1.014504179,0.476
77,Yes,Risk,HandOA,rs7748189,6:18385889,A,G,0.7315,0.0146,0.7123,0.7938,0.0799,0.0137,6.134E-09,++++++-++++,0,7.201,10,0.7063,21208,285124,306332,1.083178744,1.112657732,1.054480779,0.4186,A,G,0.7315,1.011364086,0.02795,1.003004505,0.6617,1.014098459,0.1724,0.9969048,0.6989,0.998900605,0.9128,1.007125265,0.5675,0.993024443,0.6077,1.083178744,6.134E-09,1.118624718,2.215E-08,1.077776368,0.00007461,1.012375956,0.2808,1.008032086,0.7293
77,Yes,Lead,FingerOA,rs9396861,6:18404133,A,C,0.6097,0.0181,0.597,0.699,0.1181,0.0182,9.347E-11,++++++++,0,2.288,7,0.9422,10818,255841,266659,1.125356641,1.166224193,1.085921196,0,A,C,0.6097,1.00833454,0.1014,0.991932717,0.2574,1.004711062,0.6426,0.984914937,0.07597,0.988763605,0.2046,0.99471402,0.6417,0.975895274,0.05378,1.090460408,1.683E-08,1.125356641,9.347E-11,1.064920342,0.0002679,1.00833454,0.4874,1.010555318,0.6144
78,No,Lead,HipOA,rs79220007,6:26098474,T,C,0.9265,0.0134,0.9083,0.993,-0.1059,0.0177,2.215E-09,-------+-+++,0,9.973,11,0.5328,36523,317638,354161,0.899514595,0.931267575,0.868844281,0,T,C,0.9265,0.955519603,2.757E-07,0.948285179,0.00001201,0.899514595,2.215E-09,0.966571505,0.01796,0.93772364,0.00008531,0.904023431,0.000001279,0.964736762,0.1291,1.017043613,0.4936,1.049695372,0.1668,0.978044607,0.4924,0.965508861,0.08316,0.951705158,0.2069
79,No,Lead,KneeHipOA,rs2856821,6:33046742,T,C,0.7896,0.0113,0.783,0.8303,0.0461,0.0079,5.706E-09,+++-?-++--+?++,32,16.181,11,0.1346,82391,374490,456881,1.047179124,1.063519526,1.031089783,0,T,C,0.7896,1.032620762,4.318E-08,1.047179124,5.706E-09,1.048436493,0.00003761,1.045714099,0.000001103,1.054535093,0.000001521,1.050955762,0.0005655,1.063749574,0.00007483,1.022346014,0.1579,1.011161834,0.6226,1.014504179,0.5148,1.025827906,0.05201,1.08523874,0.01071
80,Yes,Lead,TJR,rs2038740,6:35114542,T,C,0.7218,0.0205,0.6938,0.7903,-0.0585,0.0095,6.195E-10,--+--+----++---,0.7,14.105,14,0.4419,40678,327728,368406,0.94317824,0.960904412,0.92577907,0,T,C,0.7218,0.980492777,0.00009837,0.969766459,0.000005938,0.950183647,4.143E-07,0.976188086,0.002218,0.94317824,6.195E-10,0.940070882,0.000000377,0.957528302,0.001236,0.985013433,0.2706,0.994216788,0.7737,0.957719827,0.0228,1.001601281,0.8841,0.959541224,0.06986
81,No,Risk,TJR,rs9472367,6:44774597,T,C,0.2654,0.0155,0.2163,0.283,0.0657,0.0096,7.696E-12,+++++++++++++++,0,6.874,14,0.9394,40678,327728,368406,1.067906297,1.088189879,1.048000796,0.4583,T,C,0.2637,1.026751567,3.341E-07,1.041227182,5.452E-09,1.071972061,1.012E-11,1.024905076,0.002365,1.067906297,7.696E-12,1.081663355,2.011E-10,1.054535093,0.0001088,1.026956938,0.05511,1.00732671,0.721,1.013084867,0.4974,1.008435379,0.4706,1.031691822,0.1732
81,No,Risk,HipOA,rs6908606,6:44998888,A,G,0.711,0.0204,0.6931,0.7513,-0.0688,0.0099,3.862E-12,-----------+,0,5.519,11,0.9034,36523,317638,354161,0.933513364,0.951803801,0.915574407,0.5555,A,G,0.7077,0.97628571,0.000001642,0.962809217,1.686E-08,0.933513364,3.862E-12,0.980002653,0.00974,0.939507009,2.11E-11,0.921179836,7.364E-12,0.956762586,0.0009271,0.968409736,0.0172,0.987182848,0.5136,0.982750506,0.3503,1.00040008,0.9688,0.98196462,0.4087
81,No,Risk,KneeHipOA,rs12193102,6:45145402,C,G,0.6131,0.0223,0.6046,0.981,-0.0525,0.0089,3.495E-09,??????--??+???,0,0.347,2,0.8408,39270,319040,358310,0.948854321,0.965551035,0.932446334,0.3176,C,G,0.6125,0.976969349,0.00006802,0.948854321,3.495E-09,0.92173271,1.131E-09,0.964061683,0.0008379,0.937254896,2.191E-09,0.921456232,1.103E-08,0.942141315,0.00008287,0.973945434,0.1623,0.975797689,0.2695,0.954564561,0.03089,0.992131123,0.5927,0.950088634,0.1768
81,No,Lead,THR,rs17288390,6:45384018,T,C,0.6476,0.0202,0.6325,0.6884,-0.0813,0.0114,9.161E-13,-+-------+----,0,11.063,13,0.6056,23022,296064,319086,0.921917075,0.942747862,0.901546561,0,T,C,0.6476,0.987676563,0.009017,0.977457956,0.0003457,0.947053209,7.123E-09,0.99860098,0.8483,0.94582284,3.265E-10,0.921917075,9.161E-13,0.976090472,0.05638,0.995808808,0.7403,1.012072289,0.5231,0.998700845,0.942,1.009545268,0.3708,0.9969048,0.88
82,No,Risk,TJR,rs80287694,6:55636940,A,G,0.8917,0.0154,0.842,0.9183,-0.0874,0.0138,2.598E-10,+--------+-----,10,15.559,14,0.3411,40678,327728,368406,0.916310498,0.941432623,0.891858757,0.8624,A,G,0.8915,0.982652236,0.01715,0.953896599,0.000001393,0.901766195,1.613E-12,0.972680127,0.01509,0.916310498,2.598E-10,0.878271068,2.434E-13,0.975017363,0.2002,0.987874118,0.5491,0.990049834,0.7439,1.006420524,0.825,0.983438672,0.3025,0.986196159,0.6758
82,No,Lead,THR,rs9475400,6:55638258,T,C,0.0979,0.0139,0.0747,0.154,0.1357,0.0184,1.729E-13,++++++++-+++++,34.2,19.753,13,0.1015,23022,296064,319086,1.145338241,1.187396788,1.104769441,0,T,C,0.0979,1.019079736,0.01319,1.045609532,0.00001031,1.114493454,8.029E-13,1.023471213,0.04868,1.092752781,6.514E-10,1.145338241,1.729E-13,1.027573297,0.1852,1.008536228,0.6849,1.013287505,0.6769,0.986196159,0.6408,1.017348772,0.3063,1.031691822,0.3639
82,No,Risk,HipOA,rs9475400,6:55638258,T,C,0.0987,0.0126,0.0747,0.154,0.1084,0.0151,8.029E-13,++++++++++++,26.3,14.927,11,0.1859,36523,317638,354161,1.114493454,1.147970334,1.081992819,,,,,,,,,,,,,,,,,,,,,,,,,,,,
83,No,Lead,THR,rs12209223,6:76164589,A,C,0.1106,0.0111,0.076,0.1344,0.1968,0.0175,1.921E-29,+++++-++++-+++,3.8,13.51,13,0.4092,23022,296064,319086,1.217500516,1.259984438,1.17644906,0,A,C,0.1106,1.032930595,0.00001059,1.051902048,2.644E-07,1.150043767,1.878E-22,1.008637086,0.4542,1.121536926,6.624E-17,1.217500516,1.921E-29,1.022755034,0.2575,1.021834969,0.2703,1.019079736,0.4973,1.055168004,0.04144,1.026443588,0.108,1.003305451,0.9143
83,No,Risk,HipOA,rs12209223,6:76164589,A,C,0.1117,0.0125,0.076,0.1345,0.1398,0.0143,1.878E-22,++++++++++-+,61.1,28.269,11,0.002944,36523,317638,354161,1.150043767,1.182732554,1.118258444,,,,,,,,,,,,,,,,,,,,,,,,,,,,
83,No,Risk,TJR,rs12209223,6:76164589,A,C,0.1091,0.0116,0.07,0.1342,0.1147,0.0137,6.624E-17,++++++-++++--++,0,11.761,14,0.6255,40678,327728,368406,1.121536926,1.152059842,1.091822691,,,,,,,,,,,,,,,,,,,,,,,,,,,,
84,Yes,Lead,TJR,rs116934101,7:101775597,A,G,0.2658,0.023,0.2473,0.3106,0.0591,0.0102,7.116E-09,+++?+-++-+++-++,29.8,18.518,13,0.1388,39115,320815,359930,1.060881324,1.082303492,1.039883167,0,A,G,0.2658,1.025827906,0.0000158,1.042894479,7.119E-07,1.052954476,0.00002191,1.036759517,0.0005224,1.060881324,7.116E-09,1.059397129,0.000009333,1.068226717,0.00000549,1.030557585,0.07828,1.023573566,0.2461,1.049905332,0.01087,1.019385505,0.1997,1.02326654,0.4191
85,Yes,Lead,AllOA,rs12667224,7:114024316,A,G,0.5198,0.0221,0.4948,0.6832,-0.0274,0.0045,1.661E-09,-------+--+++--+--++,0,16.914,19,0.5957,179305,651438,830743,0.972971975,0.981591385,0.964428252,0,A,G,0.5198,0.972971975,1.661E-09,0.976773975,0.0001112,0.972485611,0.002007,0.972874683,0.00009912,0.985703184,0.09071,0.985998939,0.1992,0.972874683,0.0236,0.953229105,0.00007632,0.960885523,0.023,0.958102992,0.01011,0.962231705,0.0001302,0.9564756,0.0245
86,No,Lead,THR,rs143083812,7:128843410,T,C,0.0011,0.0002,0.0006,0.0013,1.1947,0.1759,1.113E-11,+??+????????++,15.8,3.565,3,0.3124,20759,258039,278798,3.302566852,4.662061198,2.339511934,0,T,C,0.0011,1.222258039,0.03249,1.920719778,2.291E-07,2.896201353,8.209E-11,1.271122032,0.1796,2.084647967,8.439E-07,3.302566852,1.113E-11,1.066199013,0.812,NA,NA,NA,NA,NA,NA,1.647732335,0.0643,1.274049,0.6629
86,No,Risk,HipOA,rs143083812,7:128843410,T,C,0.0011,0.0002,0.0005,0.0013,1.0634,0.1637,8.209E-11,+??+++??????,1.4,3.044,3,0.3849,25226,280411,305637,2.896201353,3.991815368,2.101295151,,,,,,,,,,,,,,,,,,,,,,,,,,,,
87,Yes,Lead,KneeHipOA,rs571734653,7:137143697,A,C,0.0003,0,0.0003,0.0003,1.7969,0.3082,5.559E-09,??????++??????,78.2,4.584,1,0.03227,38371,315644,354015,6.030922596,11.03377369,3.296426804,0,A,C,0.0003,2.818768254,0.000003994,6.030922596,5.559E-09,9.023208677,4.333E-08,5.764970289,0.000004245,5.092658536,0.000007704,6.775410803,0.000009933,NA,NA,NA,NA,NA,NA,NA,NA,NA,NA,3.028296,0.6905
88,Yes,Lead,TKR,rs7787744,7:150521096,A,G,0.6662,0.0286,0.5909,0.7224,0.0779,0.0128,1.292E-09,++++++++++,15.3,10.622,9,0.3025,18201,233883,252084,1.081014552,1.108477596,1.054231917,0,A,G,0.6662,1.017145322,0.0004137,1.027778832,0.00001837,1.014808576,0.12,1.039146808,2.391E-07,1.039458599,0.00001609,1.014402734,0.2196,1.081014552,1.292E-09,1.004008011,0.7571,0.97902314,0.2675,1.007729721,0.6685,1.004811538,0.6502,1.004409694,0.8304
89,No,Lead,HipOA,rs111844273,7:18436337,A,G,0.0209,0.0039,0.0127,0.032,0.2317,0.0325,1.049E-12,++++++-+++++,13.3,12.681,11,0.3147,36523,317638,354161,1.26074145,1.343662145,1.182937995,0,A,G,0.0209,1.036241267,0.03091,1.101640024,0.00001477,1.26074145,1.049E-12,1.012882271,0.6302,1.158469804,9.322E-07,1.289171804,2.839E-11,1.042060497,0.3415,1.048331654,0.2739,1.075515412,0.2138,1.04133131,0.4788,1.012882271,0.7363,0.976871657,0.7718
89,No,Risk,THR,rs111844273,7:18436337,A,G,0.0222,0.0029,0.0117,0.032,0.254,0.0382,2.839E-11,+--+--+-++-?++,7.8,13.011,12,0.3682,22961,293511,316472,1.289171804,1.38939809,1.19617549,,,,,,,,,,,,,,,,,,,,,,,,,,,,
90,No,Risk,TJR,rs10956488,8:130717755,A,G,0.843,0.0135,0.8177,0.8657,0.0834,0.0118,1.557E-12,-+++++-+++++-++,41.4,23.872,14,0.04748,40678,327728,368406,1.086976512,1.112408601,1.062125857,0.7096,A,G,0.8375,1.026443588,0.00003213,1.041747926,0.000001199,1.09439314,7.177E-13,1.019385505,0.04836,1.086976512,1.557E-12,1.121985631,3.592E-14,1.032414259,0.05607,0.99960008,0.9805,1.039874466,0.09631,1.020915731,0.358,1.029115813,0.03804,1.046865017,0.1046
90,No,Lead,THR,rs11984666,8:130730280,A,C,0.199,0.0119,0.1751,0.227,-0.1086,0.0136,1.689E-15,----------+---,14.2,15.149,13,0.2982,23022,296064,319086,0.897089181,0.9213231,0.873492697,0,A,C,0.199,0.976578639,0.00002709,0.966764838,0.000008073,0.921456232,5.177E-13,0.986196159,0.1138,0.93360672,8.357E-11,0.897089181,1.689E-15,0.984028912,0.2818,0.987182848,0.3955,0.95982913,0.06008,0.980296698,0.3376,0.965508861,0.005227,0.957528302,0.08815
90,No,Risk,HipOA,rs765002298,8:130733847,D,I,0.1966,0.0151,0.1753,0.2173,-0.1063,0.0134,1.753E-15,?-?---??????,0,0.236,3,0.9716,27336,277909,305245,0.899154861,0.92308267,0.875847301,?,D,I,0.2102,0.975407448,0.00008239,0.955615159,7.523E-07,0.899154861,1.753E-15,0.980885053,0.07999,0.923947525,2.327E-11,0.885148369,3.115E-15,0.970639642,0.07428,0.982652236,0.3856,0.96686152,0.1715,0.983733748,0.4763,0.96937863,0.0315,0.959253405,0.1021
91,Yes,Risk,KneeHipOA,rs80308593,9:110403802,C,G,0.8465,0.0097,0.826,0.9286,0.0575,0.0086,1.898E-11,++++++++---+-+,0,12.195,13,0.5118,90969,402863,493832,1.059185271,1.077189883,1.041481595,0.7105,C,G,0.8464,1.03468807,8.598E-08,1.059185271,1.898E-11,1.094502585,1.261E-12,1.042998773,0.00002337,1.081447044,8.636E-11,1.112934254,5.87E-12,1.058973455,0.0008354,1.045504977,0.009564,1.024802591,0.3259,1.028601384,0.2316,1.038731233,0.006739,1.043103079,0.1237
91,Yes,Lead,THR,rs79895530,9:110416422,T,C,0.13,0.0088,0.1115,0.1487,-0.1246,0.0165,3.859E-14,-+------------,0,8.034,13,0.8414,23022,296064,319086,0.882849972,0.911867491,0.85475585,0,T,C,0.13,0.971610767,0.00001859,0.948000736,2.976E-09,0.904385112,7.038E-14,0.967635318,0.001564,0.920627294,9.378E-11,0.882849972,3.859E-14,0.950753929,0.005303,0.967732087,0.07182,0.990247864,0.7136,0.976090472,0.3357,0.95523299,0.001811,0.964736762,0.2099
91,Yes,Risk,HipOA,rs79895530,9:110416422,T,C,0.1323,0.009,0.1115,0.159,-0.1005,0.0134,7.038E-14,------++----,0,7.049,11,0.7951,36523,317638,354161,0.904385112,0.928452105,0.880941975,,,,,,,,,,,,,,,,,,,,,,,,,,,,
91,Yes,Risk,TJR,rs79752115,9:110428477,A,C,0.1193,0.0072,0.1048,0.138,-0.0876,0.0133,3.925E-11,-++--------+---,0,13.5,14,0.4876,40678,327728,368406,0.916127254,0.940322405,0.892554662,0.8087,A,C,0.1199,0.971319328,0.00003679,0.945066484,2.548E-09,0.902307417,2.773E-13,0.964350945,0.001,0.916127254,3.925E-11,0.880205391,7.971E-14,0.943461236,0.001988,0.959637183,0.03056,0.968700303,0.2522,0.959925118,0.1171,0.951990713,0.001722,0.955997482,0.1412
92,No,Risk,AllOA,rs4979341,9:116905543,T,C,0.2746,0.039,0.231,0.599,0.0316,0.0052,1.386E-09,+-?++++++++-+++++-++,11.1,20.24,18,0.3195,170700,641469,812169,1.032104581,1.042677384,1.021638986,0.1752,T,C,0.2746,1.032104581,1.386E-09,1.046446355,1.279E-10,1.02829285,0.006923,1.05211245,7.66E-10,1.064175158,8.307E-11,1.052849186,0.0000292,1.083287068,4.596E-09,1.041747926,0.004277,1.074010744,0.0002997,1.063111515,0.001073,1.013490182,0.2491,1.039354659,0.08229
92,No,Lead,KneeHipOA,rs72760655,9:116916214,A,C,0.3309,0.0215,0.255,0.4168,0.0465,0.0065,5.974E-13,++++++++--++-+,13.9,15.095,13,0.3015,90969,402863,493832,1.047598079,1.061029609,1.034336578,0,A,C,0.3309,1.027984408,1.059E-08,1.047598079,5.974E-13,1.042998773,0.0000107,1.050115334,7.254E-11,1.064920342,3.442E-12,1.058126615,0.000001115,1.081447044,1.252E-09,1.038939,0.003137,1.04226893,0.02644,1.070579403,0.0001126,1.010555318,0.324,1.041227182,0.05241
92,No,Risk,KneeOA,rs72760655,9:116916214,A,C,0.3317,0.0235,0.255,0.4168,0.0489,0.0075,7.254E-11,++++++++--++-+,16.5,15.568,13,0.2733,63502,335819,399321,1.050115334,1.065665759,1.034791824,,,,,,,,,,,,,,,,,,,,,,,,,,,,
92,No,Risk,TJR,rs737142,9:116929327,T,C,0.6661,0.0179,0.6225,0.739,-0.0639,0.009,1.013E-12,-++---+--------,12.7,16.045,14,0.3107,40678,327728,368406,0.938098805,0.954793374,0.92169614,0.9172,T,C,0.6642,0.974432528,6.354E-08,0.955901887,1.814E-12,0.957049658,0.000003725,0.953801214,2.124E-10,0.938098805,1.013E-12,0.943933085,5.337E-07,0.923855135,5.577E-10,0.960213138,0.001534,0.960885523,0.03103,0.931182495,0.00004608,0.991337735,0.4092,0.967054911,0.1051
92,No,Risk,TKR,rs7023177,9:116935696,C,G,0.6682,0.0193,0.6179,0.735,-0.08,0.0128,4.273E-10,-+---++---,35.8,14.01,9,0.122,18201,233883,252084,0.923116346,0.946568006,0.900245712,0.8749,C,G,0.6649,0.974042833,4.226E-08,0.955901887,2.205E-12,0.958007186,0.000006406,0.953896599,2.534E-10,0.938286443,1.387E-12,0.945255517,0.000001093,0.923116346,4.273E-10,0.959253405,0.001213,0.958102992,0.02061,0.93267358,0.00007152,0.987775336,0.2475,0.970348494,0.1461
93,No,Lead,THR,rs1330349,9:117840742,C,G,0.589,0.0247,0.517,0.6378,0.093,0.0111,6.466E-17,++++++-+++++++,0,5.361,13,0.9664,23022,296064,319086,1.097461735,1.121599286,1.073843641,0,C,G,0.589,1.013287505,0.00518,1.021222052,0.000997,1.064920342,6.936E-12,1.00080032,0.9196,1.047702844,6.859E-08,1.097461735,6.466E-17,0.994017964,0.6269,1.017043613,0.1908,1.010454268,0.5663,1.030248464,0.08132,1.014605635,0.1686,0.980296698,0.3221
93,No,Risk,HipOA,rs1330349,9:117840742,C,G,0.5883,0.0234,0.517,0.6378,0.0629,0.0092,6.936E-12,+++++++++--+,17,13.258,11,0.2768,36523,317638,354161,1.064920342,1.084296803,1.04589014,,,,,,,,,,,,,,,,,,,,,,,,,,,,
94,Yes,Lead,HipOA,rs7862601,9:118343026,A,G,0.6244,0.0134,0.5972,0.6341,-0.0633,0.0109,6.188E-09,?-?---??????,61.3,7.756,3,0.05132,27336,277909,305245,0.938661833,0.958930774,0.918821317,0,A,G,0.6244,0.991139488,0.09032,0.96608834,0.000005423,0.938661833,6.188E-09,0.981179362,0.03755,0.959253405,0.00002046,0.936505392,2.668E-07,0.98481645,0.2714,0.971513611,0.08288,0.966571505,0.09588,0.975797689,0.1988,0.977360215,0.05526,0.994017964,0.7717
95,No,Lead,THR,rs1321917,9:119324929,C,G,0.4088,0.008,0.3626,0.416,0.098,0.0111,9.868E-19,+++++++-++++++,13.3,14.988,13,0.3081,23022,296064,319086,1.102962785,1.127221325,1.079226304,0,C,G,0.4088,1.004811538,0.2944,1.018672185,0.002725,1.075622969,1.395E-15,0.990346893,0.1758,1.050325378,1.273E-08,1.102962785,9.868E-19,0.999500125,0.9649,0.965508861,0.004508,0.9415762,0.0008317,0.955615159,0.00759,0.997503122,0.8073,0.991932717,0.6876
95,No,Risk,TJR,rs1321917,9:119324929,C,G,0.4077,0.0088,0.3622,0.4142,0.0491,0.0086,1.273E-08,+-++++++-++--++,33,20.892,14,0.1044,40678,327728,368406,1.050325378,1.068179386,1.03276979,,,,,,,,,,,,,,,,,,,,,,,,,,,,
95,No,Risk,HipOA,rs2416564,9:119370679,T,C,0.5981,0.0149,0.5878,0.6438,-0.0734,0.0091,1.002E-15,-+-------+++,43.2,19.38,11,0.05461,36523,317638,354161,0.929229064,0.945951171,0.912802563,0.9678,T,C,0.5993,0.995111985,0.2857,0.980296698,0.001263,0.929229064,1.002E-15,1.007628953,0.2881,0.953038478,2.923E-08,0.908827474,1.065E-17,1.00060018,0.9633,1.036137648,0.004143,1.059079357,0.001431,1.047179124,0.006804,1.005917439,0.5602,1.00692386,0.7337
96,Yes,Lead,HipOA,rs10983775,9:120521100,T,C,0.5417,0.0115,0.5342,0.593,-0.053,0.009,4.651E-09,---------+--,27,15.072,11,0.1792,36523,317638,354161,0.948380012,0.965257548,0.931797581,0,T,C,0.5417,0.981179362,0.00003218,0.970833789,0.000001289,0.948380012,4.651E-09,0.978044607,0.001871,0.961462227,0.000004029,0.947811155,9.944E-07,0.970639642,0.01394,0.987874118,0.3155,0.99980002,0.9913,0.983045375,0.3059,0.980885053,0.05765,0.985801759,0.4718
97,No,Risk,HipOA,rs12377624,9:129373110,C,G,0.3618,0.0204,0.3121,0.417,-0.0626,0.0095,4.592E-11,------+++---,0.2,11.019,11,0.4417,36523,317638,354161,0.939319126,0.956972769,0.921991146,1,C,G,0.3665,1.003606488,0.4533,0.997303642,0.6738,0.939319126,4.592E-11,1.025622761,0.0006504,0.965991736,0.0001032,0.922193691,1.808E-12,1.016636877,0.1938,1.005113027,0.6873,1.020609502,0.2629,1.00020002,0.9916,1.010555318,0.3211,1.028704249,0.1736
97,No,Lead,THR,rs62578126,9:129375338,T,C,0.369,0.0151,0.3134,0.417,-0.0814,0.0115,1.387E-12,-+------------,0,7.041,13,0.9,23022,296064,319086,0.921824888,0.942838367,0.901279746,0,T,C,0.369,1.003506132,0.4622,0.997303642,0.6688,0.939319126,4.291E-11,1.025622761,0.0006537,0.965798557,0.00009181,0.921824888,1.387E-12,1.016331931,0.2027,1.004008011,0.7524,1.020405401,0.2666,1.000100005,0.9948,1.010454268,0.3254,1.027367803,0.1927
98,Yes,Lead,HipOA,rs10465114,9:129917824,A,G,0.2203,0.0129,0.154,0.2364,0.0625,0.0109,9.041E-09,++++++++-++-,37.8,17.683,11,0.08924,36523,317638,354161,1.064494459,1.08748056,1.041994216,0,A,G,0.2203,1.012477199,0.0223,1.030145444,0.00004958,1.064494459,9.041E-09,1.009747197,0.2573,1.030248464,0.003643,1.062580092,0.000003688,0.992925145,0.6289,0.995111985,0.7399,0.976676302,0.2748,0.995311028,0.8187,1.01887594,0.1204,0.98511194,0.5314
99,No,Lead,KneeHipOA,rs10974438,9:4291928,A,C,0.6457,0.0134,0.602,0.6658,0.0417,0.0064,7.39E-11,+++-+++++++-++,42.7,22.689,13,0.04557,90969,402863,493832,1.042581657,1.055741929,1.029585434,0,A,C,0.6457,1.024700116,3.188E-07,1.042581657,7.39E-11,1.040810774,0.00002758,1.044355554,4.885E-09,1.052217666,1.995E-08,1.056012476,0.000003204,1.055379059,0.00003116,1.023061907,0.07392,1.024597651,0.1888,1.043103079,0.01673,1.003405787,0.7479,1.046446355,0.02732
99,No,Risk,KneeOA,rs10974438,9:4291928,A,C,0.6434,0.0136,0.603,0.6658,0.0434,0.0074,4.885E-09,+++-++++++-+++,27.1,17.841,13,0.1637,63502,335819,399321,1.044355554,1.059612986,1.029317814,,,,,,,,,,,,,,,,,,,,,,,,,,,,
100,Yes,Lead,TJR,rs76340814,9:98321412,A,G,0.0525,0.0058,0.045,0.0635,-0.1176,0.0196,1.87E-09,-++---+--------,0,12.518,14,0.5648,40678,327728,368406,0.889051602,0.923869265,0.855546105,0,A,G,0.0525,0.983340333,0.1009,0.955137471,0.0008834,0.931089382,0.0004845,0.963772508,0.02068,0.889051602,1.87E-09,0.900504605,0.00003056,0.888340645,0.00002379,0.974042833,0.3394,0.934447344,0.08257,0.96802245,0.3796,1.005113027,0.816,1.023880684,0.5767
E1,Yes,Lead,EarlyAllOA,rs148693048,8:24598320,T,C,0.0012,0.0005,0.0006,0.0017,1.8341,0.3322,3.37E-08,+++,22.8,2.59,2,0.2739,6838,41449,48287,6.259498061,12.00352121,3.264151852,0,T,C,0.0012,1.074870297,0.2587,1.115496949,0.2085,0.994117371,0.9655,1.156617735,0.1631,1.156733402,0.2314,1.068654093,0.6841,1.231459437,0.2295,1.064494459,0.7612,0.919431256,0.7686,0.888784927,0.658,1.051586525,0.7476,6.259498061,3.367E-08
